"source_id","community_verdict","consensus_score","n_valid_judgments","topic","moral_clarity","persona_independence","diagnostic_value","tier","rank_reason","rank","title","post_text"
"aita-01f60327","NTA","0.8571","7","money","5","5","5","1","Clear conflict over sharing a lucrative but scarce opportunity with a partner, strong tradeoff between generosity and business interest.","1","AITA for not giving my SO 5 figures in potential revenue?","as a bit of background i (22m) have a side-business were i buy watches in short supply from stores around the world and bring them to my home country where they are exponentially harder to get.

i told my so (22f) about a possible opportunity to buy 2 watches that trade for roughly 5 figures over market value each. i was incredibly excited, since i have been hunting these down for months and this deal would equal my years salary at my job.

then my so asked me if she could also buy one if i managed to get my hands on an extra one. taken aback i told her that there is a very limited supply and that i would buy all the watches i could get my hands on, since each translate to 5 figures in profit.

she did not take it well and has been upset at me ever since. from her point of view i just denied her half a years salary for no reason. from my point of view, i would be gifting her that amount since there is an incredibly limited supply and i did all the work hunting them down.

for fairness sake, i have to point out that our current financial situations are very different and this would have a much larger impact on hers than mine.

so aita for not giving my so 5 figures in potential revenue?

sorry if the post is hard to understand. i am looking forward to your replies!"
"aita-02cb7107","YTA","1.0","8","friendship","5","5","5","1","Very clear action (revealing proposal), strong conflicting loyalties, and an obviously judgeable breach of confidence with social consequences.","2","AITA For spoiling a marriage proposal because my friend doesn't like to be surprised","my (28m) friend has a boyfriend that is planning on proposing. i've been childhood friends with her and she's not a fan of being surprised (she hates surprise parties/etc).

i know her boyfriend and he confided to me he is planning on proposing to her, he had an elaborate plan set up where they will go to a local city/dinner and he'll propose at a park or some shit. 

so the next time i saw my friend, i immediately told her about her boyfriend's plan and she was happy about it as she wanted to marry him. i told her not to tell the boyfriend and pretend to be surprised and she agreed. 

however it didn't go according to plan as my friend couldn't hold it in anymore and let it slip that she knows he is going to propose. the boyfriend confronted me and we had a huge argument. i told the boyfriend he should have taken into consideration that she doesn't like to be surprised.

my friend later told me she can't invite me to the wedding because of the argument, which i don't think is fair because i would go to support her. i called her boyfriend and after trying to understand his perspective, he was still not inviting me. i called him a massive prick for creating a wedge between me and my friend."
"aita-041524b6","YTA","0.8889","9","romantic","5","5","5","1","Very clear autonomy vs partner comfort conflict about clothing/sexualization with strong diagnostic value and minimal dependence on demographics.","3","AITA for asking my girlfriend not to wear a Halloween costume?","my girlfriend and i are both 21 years old. i don't know why, but she's already started planning halloween parties and costumes with her friends. she wants to go to a few parties and clubs that night, and she wants us to go together. she wants to wear a sexy princess jasmine costume. jasmine already wears pretty revealing clothes in the animated movie, but my girlfriend just wants to wear a blue bra and a loose pair of pants that is very transparent and see through (not western style pants, more middle eastern style, but not exactly).

i am a very big fan of aladdin and i played aladdin in a school play, so i was actually very happy with her initial idea of a jasmine costume, and was touched thinking she was doing it for me. i am not very comfortable with such a revealing ""sexy"" costume though. aita for asking her not to wear this costume? she was pretty upset with me, and is dead set on wearing this outfit, whether i agree with it or not. i understand that i have no right to control what she wears, and that it's her body and her choice. but seeing how uncomfortable i am with my girlfriend wearing such revealing clothes, i don't see any other alternative, but to ask her not to wear it, or not go with her on halloween.

even then, if i don't go with her, i'm not sure if i'm okay with her going to many parties and bars on her own dressed like that, when she has a boyfriend. i know how crazy such college, especially with massive amounts of drinking on halloween. a lot of her female friends are also planning on wearing revealing ""sexy"" outfits, and i guess it's par for the course for halloween. i genuinely do not want to come across as a controlling prudish asshole, and i'm not forcing her to do anything, but i don't like how the whole thing has gone down."
"aita-04e5fbc0","NTA","1.0","10","money","5","5","5","1","Very clear past action (refusing addicted father money), strong context and conflicting judgments from others make it highly diagnostic.","4","AITA FOR NOT GIVING MY DAD MY SAVINGS?","on mobile, apologies for format.
my(19m) dad has had a gambling problem for most of my life. he is very bad with money and can never quit while he is ahead.
when i turned 7 my dad took my sister(16f now) and i to a horse racing track.  our birthdays are 4 days apart so at this time he gave us $500 each to pick a horse. it was an incredibly wrong thing to introduce children that young to. i picked a 99 to one horse and ended up winning. needless to say that’s a hefty payout. when we got home my mother was furious. this ended up being the straw that broke that camel’s back and they got divorced. 
my dad has floated in and out of my and my sister’s lives ever since. he was not a consistent presence and my mom raised us basically solo. he spoke to us but never did any parenting. my mom ended up using the money to create both a savings account and low risk investments for me. when i was 14 i made the decision that i would use half the money and would let my sister use the other half for either college or something professional she wants to do when she turns 18.
about two months ago my father reached out asking for $25000 from the accounts. i was floored and asked why, he told me that he had lost his job and was going to lose his house both because of gambling debts.i told him i feel really bad and i wish i could help but i can’t use the money for that.
he lost it and ended up screaming at me claiming it was his anyway and that i was an ungrateful son who wouldn’t help his own father. i told him i wasn’t comfortable jeopardizing the money my sister and i will start ourselves with because he wouldn’t stop gambling. especially after i used almost all the money from my part time job for the last two years getting him therapy.
after i told some friends they thought i was heartless to leave my dad that way. i think they might not understand the toll of having someone with an addiction in your life, but amita?"
"aita-0789ffa4","NTA","0.8571","7","family","5","5","5","1","Very clear single action (laughing at an embarrassing proposal) with rich social and gender-norm context and conflicting sympathies.","5","AITA for telling my soon to be DIL that it's her fault that I laughed at the engagement?","my son has been with ""sarah"" for four years. they have had a very on again off again relationship, and i absolutely cannot stand her. she is very loud and annoying, but they seemed more serious when they got back together the last time (about a year ago) so i've been trying to bite my tongue. 

we had a big dinner last night which included extended family, even people she did not know such as my nephew's new girlfriend, and sarah decided it would be an appropriate venue to propose to my son. she had my daughter's girlfriend videotaping it without us knowing and stood up in the middle of dinner and sang a proposal. my son had his head in his hands and seemed very upset, people were trying not to laugh, and it was incredibly awkward. she then produced a ring that she had bought for herself and gave it to him, to give back to her.

i quickly went to check on dessert, because i couldn't control myself. my sil came with me and we laughed in the kitchen, but didn't go back out there until we were composed, but once i went outside my husband looked at me and i just started laughing again. my poor son had his head in his hands, my brother made an asshole comment, and other people at the table were laughing or trying not to laugh. i went into the bathroom and didn't come out until i was truly composed.

my son was very quite the rest of the evening, but sarah approached me before they left and said i was rude and immature. i don't know why she picked me. i was certainly not the only person laughing. she then said it was just because of sexism. now it's true that i like things the old fashioned way and i would never propose to a man, and my husband would have broke up with me if i proposed to him, but that is not why i was laughing. the whole thing was just embarrassing to witness. i told her that it was her fault for doing it in front of a crowd. she left upset and my son texted the next morning that she is still talking about it."
"aita-08e2311b","NTA","1.0","10","friendship","5","5","5","1","Crisp situation about backing out of an agreed favor and asking for money back; money, mental health, and fairness tensions are very diagnostic.","6","AITA for making someone pay me back after they flaked on giving me a ride?","so this past weekend i flew to montreal because i have a sick relative that i want to visit before they pass. i live in the us near the canadian border and asked a friend if they could drop me off and pick me up from the airport as i didn't want to leave my new car there for two days. i offered to pay said friend $150 up front for taking me (it's maybe like a 20 min drive roundtrip), i also bought her breakfast the morning of and filled up the gas tank in her car (said friend is unemployed). 

well i fly back and i'm waiting outside for her to arrive and i call and text her asking if she's on her way, as it was past the time i had asked her to pick me up. nothing. radio silence. i begin to worry that she is stuck at the border. 

then i finally get a message notification from facebook that she is backing out of taking me home because she is taking a 'mental health day' and that the border patrol questioning her gives her anxiety. oh hell no.

i begin calling and texting her (she doesn't answer my calls, go figure) asking her why the hell she agreed to transporting me in the first place, and if she could at least venmo me half of the money back if she isn't going to give me a ride back home. after about an hour i get a ""you could at least try to be understanding"" and that she thought the money ""was a gift since i know she's broke"" and that i should try to get an uber or call my cousin nearby (who i haven't spoken to in over 5 years) to see if i could get a ride home with them. luckily my uncle answered when i called him and he crossed the border to come and get me about two hours later. but now said friend has told everyone else that i don't care about her mental health and that i was being cheap by asking for the money back. 

am i the asshole?"
"aita-0b0a5532","NTA","0.875","8","parenting","5","5","5","1","Crisp parenting boundary violation (unauthorized public YouTube channel for young kids) and whether confronting/cutting off ‘fun uncle’ is justified.","7","AITA for wanting to kick seven shades of shit out of my brother in law for creating a YouTube channel for my 6&amp;7 year old daughters?","my 6&amp;7yo daughter's are starstruck with youtube personalities and want to imitate their idols (jojo siwa, tiana etc). the last year or so have been a battle of wits, the kids begging for their own youtube channel so they can imitate their idols, myself and partners constantly trying to find creative ways to tell them ""no"". 

a few days ago they return from visiting the in-laws with the news ""dad! guess what! we have our own youtube channel!"".
brother-in-law and his wife went over our (myself and partners) heads and not only helped them create their own channel, but filmed them and uploaded videos to their newly created non-private channel, which neither myself nor partner have any control over. there's nothing dodgy with the content, just the kids talking gibberish in the grotty, poorly lit spare bedroom at their grandparents place.

i'm still fucking livid and haven't yet had a chance to confront uncle, since he fucked off on holiday the following morning. my partner initially shared my anger at him but has since calmed down and thinks i should just let it all slide since nothing bad has come of it so far.

am i the asshole for wanting to confront him as soon as he get back from his holiday and demand to know what the fuck he thought he was doing with filming our children and managing ""their"" youtube channel?  pardon the overly dramatic ""kick seven shades of shit out of him"" flex in the title, i'm absolutely not planning on threating him with violence, just letting him know how much i think he's overstepped his mark as ""fun-uncle"" and putting it in no uncertain terms that if he ever pulls this shit again he's getting cut off completely."
"aita-0b36e4d8","YTA","1.0","9","parenting","5","5","5","1","Parents snoop in teen’s diary “to help,” vivid breach of privacy with lasting trust damage and strong diagnostic value across parenting philosophies.","8","AITA For Not Stopping My Husband From Reading My Son's Diary?","my son (15m) is very social, he has many friends and he talks to me a lot about some problems, school etc.

my husband feels he favours me then him, and i have tried to do something things to set them up. like fishing, but he hates it, and hates doing it and sometimes the 2 have fights about it. hunting, my husband likes hunting , son does not, and they even have more fights about how my husband ""forces"" him to like it.

but for some reason our son was very quiet and sad for a few dags, wouldn't tell me why.

anyway, my husband was looking for something in my son's room and he found a diary. me and him were so surprised, since our son has never mentioned this before.

anyway i did tell him to put it back, but he told me it wouldn't hurt to see anything that would explain his behaviour. i was curious and worried so i let him.

not going to say what we found out, but it was really big and understandble why our son was sad, so i told my husband not to say anything to him.

well he didn't listen, and tried to help our son yesterday to deal with and, and he went ballistic. told us that we shouldn't have done that, called us horrible parents, took it, and now he's treating us like strangers, and isn't the same again. and for the first time in a long time, he has been mad at me for longer than 2 days, no matter what i do. i've done everything, baked him a cake (which he did say thank you but it was obvious he didn't care), gave him space, brought him gifts. nothing! my husband told him that he was worried, and that we just wantef to help him, but again they had another fight.

i really just wanted to know what happened with his behaviour, i was worried.

aita?"
"aita-0d2bd2fb","YTA","1.0","10","romantic","5","5","5","1","Excellent, sharply framed boundary dilemma about expecting access to partner’s private conversations vs respecting confidences of others.","9","AITA for thinking my bf should share these things with me?","so i already have the understanding that i probably am ta, but i wanted to hear unbiased opinions on this regardless.

so me and my bf have been together for almost 2 years and going strong. we don't keep secrets from each others and can talk with friends and sit on or phones while cuddling and the other one can openly see what the other one is doing because there is never anything important. just instagram, reading on reddit or browsing the news.

yesterday he got a message from a friend and just put the phone away while we were watching a movie, and i said ""you can answer him, i'll just pause the movie"" thinking that he was being polite not making me wait while he took the time to reply. he said that he would wit replying because they were talking about a few things his friend were going through and i asked what things? he said he wasn't comfortable sharing things other people had trusted him to confide in him with and i got a little weirded out.

you see, i always share if he asks, if he reads something off on my phone and he one time also said that i could share things like this with him. he is my boyfriend after all and that's different than gossiping with a friend, and i agree.

i told him this but he just said no, and i just told him that i thought it was weird. i don't even know him or anything, but that i thought it was weird that he wouldn't share things like this with his girlfriend. it is after all like writing in a diary. i would understand if it was a friend or someone else, but with me?

we never fought, but it still ended with me just laying it to rest knowing he wouldn't budge and knowing this could ruing an otherwise perfect night.

i also told him i just found it strange because i have never been in a relationship where this was a thing, because in the past i've always told and been told these things. he also told me not to make it about me, because this is totally unrelated and if it were about me, he would of course tell me, but i don't have a right to knowing everything. although i agree, i fing it kind of double moralistic and just strange that he doesn't wanna share things with me, because i am his girlfriend and like i said, it's different than spreading gossip amongst friends. 

so reddit, am i the entitled asshole, or is this weird?"
"aita-0de371a8","YTA","1.0","9","pets","5","5","5","1","Distinctive ethical conflict about taking a homeless person’s dog for its welfare, with legal follow‑through and rich moral tradeoffs.","10","AITA for taking a homeless person’s dog?","i know the title sounds awful but please read the full story. every time i walk to my gym i see this cute little dog looking miserable. the dog (it’s a she) is sometimes with her owner, a homeless guy in his 40s, but most of the time she gets tied to a pole and left there for hours. i wanted to report this to authorities but i was told that because most shelters in our area are kill shelters that could be even worse for the dog. recently it’s been showing a lot in my city and seeing the poor dog tied to the pole was just too much. a few nights ago my fiancé and i were walking back from a restaurant in the area and saw the dog alone again, we decided to take her home. when i told my mother she was outraged, she says homeless people need their animals to keep them company and that i had no right to take her. i told her a dog isn’t a toy and people shouldn’t get one if they can’t look after it. my mom says i’m cruel and don’t care about human beings. i disagree and maintain that you should not have an animal you can’t take care of. we took the dog to the vet, he said she’s a little over a year, malnourished but not critically. we scheduled her shots and made sure she was okay. the plan is either to keep her or let my aunt’s family adopt her. we have two cats (they’re used to dogs) and we’re leaving our apartment to live in a house with a backyard in a few months. on the other and my 8 year old cousin fell in love with the dog from the moment she saw her. regardless, we all live in the same city and will be there for the doggy to shower her with love. i just hope my mom gets over it.

*for anyone wondering about the legality of what i did, my vet helped me out to make sure the dog was reported as abandoned and everything was legal. we’ll be able to make the adoption official after a 30 day wait period.*"
"aita-0e53d3a0","YTA","0.7778","9","health","5","5","5","1","Highly diagnostic values clash over eugenics-style prenatal testing comment; action and fallout are clear and not fact‑ambiguous.","11","AITA for saying bad things about a disability in front of someone with that disability?","my (26f) boyfriend (26m) decided to throw a party with a good amount of his friends and family. we had been together at this point in time for eight months. 

he spoke of his siblings often and positively so i was excited to meet them. at the party i met a couple of the last remaining friends of his i haven’t been introduced too. as well as his 24 year old brother who is autistic, though i did not know that at the time !

i was talking to one of his friends that i’m not too familiar with, and she brought up a story about an autistic child who passed away a couple years ago as it was related to the protests going on. 

i then said that was tragic and that i hope they come up with a way to do prenatal testing for autism, so that people don’t have to suffer with it in the future.my boyfriend’s brother heard this conversation and came over to us who, again i did not know was autistic. he was very angry and called me a eugenicist in front of everyone, and said that he hoped that prenatal testing never existed because of people like me. 

i felt embarrassed with this happening in front of everyone else and left. i later asked my boyfriend why he didn’t tell me his brother had autism, because i wouldn’t have said anything like that if i knew. he said he shouldn’t have had to tell me because i shouldn’t hold those beliefs at all. he said it was very disappointing knowing that i thought like that and that i owed his brother an apology and a renunciation of my views. i disagreed and after a little bit of squabbling he just said let’s forget about he whole thing.

the reason why i’m asking now is that i saw his brother yesterday and he still won’t talk to me for more than a few sentences, which is progress but far too slow for my taste, so maybe i should apologize. 

aita for saying what i said ?"
"aita-0f449b09","NTA","1.0","7","neighbours","5","5","5","1","Very clear boundary‑setting action with kicked‑out gay neighbor’s parents, raising autonomy vs. parental rights; highly diagnostic and persona‑independent.","12","AITA for refusing to let the parents meet their son?","recently one of my neighbours kicked out their son for coming out to them. he asked me if he could stay with me and i let him stay . ever since he has been going to work  and attending online class from my home . me and my girlfriend actually liked having him over and we three became friends. one day his parents came over and said that they wanted to apologize to him and talk him back . i refused to let them into my house and told them that i would call the police if they insisted on entering my house . now the neighbourhood got hold of this and are blaming me for denying the parents from seeing their child . aita for refusing to let them meet him?"
"aita-14bc4002","NTA","0.8889","9","friendship","5","5","5","1","Very clear action—banning political talk at a social gathering—with a sharp values conflict between emotional respite and constant activism.","13","AITA for enforcing a “no talking politics” rule at my dinner party?","i had a zoom dinner party with lots of family and some friends recently. they’re people who tend to be very passionate about their politics. they agree on almost everything, but the things they disagree on, they disagree on strongly. 

i wanted this to be a fun night free from debating or anything where guests would feel obligated to “take sides,” and i’m inundated with rhetoric and morbid predictions in my regular life enough as it is. i had planned this evening as a fun oasis for all of us. 

so when i sent out the invite i said everyone was welcome to come as long as they agreed to not bring up politics and to try and keep current events focused on things happening in *their* lives rather than stuff from the news because this is about catching up with each other. 

i mostly got very positive feedback or some people who just didn’t say anything about it but rsvp’d yes. 

then we were having the actual event and someone brought up the election rather bluntly (it wasn’t, like, related to what we had been discussing or indirectly mentioned. it was just a non-sequitur about the election.) 

so i changed the topic back to movies we’d been watching. but they quickly returned to the election. i gently reminded that we were trying to avoid politics for tonight. 
and the person said (paraphrasing here, don’t remember word for word what they said) 

“stop trying to police what i say. how can we just sit around talking about movies when the future of so many people’s lives is about to be decided? i don’t feel right to just chat about movies like the world isn’t collapsing around us. many people don’t have the privilege to not think about these things. it’s entitled of us to just carry on like everything is ok. if no one else will speak out, i will.”

i didn’t mean to make her uncomfortable and there is a point that plenty of people aren’t able to shut off their concerns for a fun night of relaxing with family and friends. 

this particular guest is a lot more plugged in to social issues than i am, so i don’t know if we just have different styles, or if my “no politics” dinner conversation attempt actually made me an asshole?"
"aita-14ed847a","NTA","0.8889","9","parenting","5","5","5","1","Focused parenting dilemma about refusing childcare from a conspiratorial, bigoted grandparent despite her grief and loneliness.","14","AITA for refusing to let my mom take care of my kid?","these past few weeks, my mom has been trying to convince me to leave my son with her because she’s been lonely because my dad died recently but my wife and i refused because of what she did that last time we left our son (8m)

my mom has become a very big conspiracy theorist and we left our son with her for a month because we wanted to go on a trip together. when he went back to school, they were talking about 9/11 and he immediately piped up “my grandma said the zionisy jews did it” we got a call from his teacher asking what is my mom teaching him. it embarrassed us both and i called her up asking what the fuck is she telling my kid. she just tried to defend herself with “it’s true, besides do you know how many jews died in 9/11? none!” i just hung up so that’s why i’m wondering if i did the right thing in refusing?"
"aita-161c3245","NTA","1.0","10","neighbours","5","5","5","1","Extremely clear question of liability for accidental death of neighbor’s dog while doing a favor; strong tradeoff about responsibility and compensation.","15","AITA for refusing to pay for my neighbor's dog when I'm 'responsible' for its death?","my neighbor has a couple of dogs but the one in question is one of those sheepdogs. while i was  chilling outside, he calls me from his window to come over. cool. i go over there and he tells me that he's having knee problems and asked if i could walk his dogs for a bit. he's a good guys so i said yes and he directed me to his shed and told me all the leashes (correct spelling if wrong) are there. there were a bunch of leashes on the table and one which was in the corner. that one looked the newest and was still clean so i grabbed it and a few other others and went to get the dogs. 

everything was going great until the sheepdog suddenly became jumpy and tried to sprint across the road. i don't know what happened but when i tried to pull him back, the leashe gave in and the dog tripped into the car. fucked up sight. when i told my neighbor, he was upset and said that the leash never worked from the day he got it and that's why it was in the corner. i apologized for not making sure and he apologized for not noticing when i got the dogs. i helped with dog and that was that.

this morning i get a call from his daughter telling me how much the dog was and that it was in fact hers so she'd like me to pay for it. i said i was sorry about what happened but i can't/won't pay for the dog (around $1600). when i told my gf about this, she said i was an asshole for not paying for it because i was responsible for its death in the end of the day. aita?"
"aita-16b0bb34","YTA","1.0","10","family","5","5","5","1","Very crisp hosting-boundary dilemma about refusing to let guests bring separate food for picky kids, with competing norms of hospitality vs parenting/etiquette.","16","AITA for not allowing my SiL's kids to bring their own food to christmas at my home?","i f31 am gonna be honesting christmas celebration this year. the menu is usual and everyone is familiar with it.


my sil's kids are what they call the most vicious picky eaters out there. mind you theyre 6 &amp; 9 and are probably just being deliberately difficult to their parents.

sil called to ""inform"" me that she will be bringing food for her kids to eat at christmas dinner. i asked why and she said that they will not be able to eat anything from the menu after looking at it. i said i was sorry but there isn't enough space at the table for extra meals and besides that the kids should start learning to be more tolerant to some foods, especially at family holiday gathering where it's expected for everyone to just eat what's infront of them without complaining. she went on about how difficult kids can be (mostly can't relate but i get it! but still, she should keep in mind that it's probably a passing phase for them and so sucking it up for one dinner wouldn't affect them. she said that i don't get it and that she doesn't want them to stay hungry or feed on snacks. i apologized and declined.


my husband got involved in this and is saying i'm being inconsiderate towards my guests. he said i lose nothing by allowing them to bring food but i disagree because this was not part of my plans. and if anything this should be a teachable moment for the kids to know that they can't expect to be catered for all the time. he got more upset told me that his sister is heavily reconsidering coming to a celebratory dinner where her kids weren't allowed to bring their own food. they're applying pressure on me saying i'll ruin the celebration if i keep trying to die on this hill.


aita?"
"aita-17e075ff","NTA","1.0","6","family","5","5","5","1","Sharp dilemma about limiting time with abusive dying mother vs. filial duty; very clear, persona‑independent, and morally fraught.","17","AITA for not wanting to spend as much time possible with dying mother","aita for not wanting to spend my whole day with my dying mother

hello, 21f here, and my mother is slowly dying due to stage 4 cancer. she had a brain hemorrhage around thanksgiving and now cannot move much, but still can talk. she is a bit confused at times but still herself. 

i don’t want to spend my whole day there or much time with her because she’s insufrible. she begins to yell at me for the smallest things in front of others. for example, i went to get her food, but since the restaurant was 20 minutes away there and back, plus in times square where parking is near to none, it took round trip around 40-50 min. so came back to her yelling at me, saying i can’t do anything right. 

another example: my father was there and asked me a question. i began to answer and she began yelling at me saying i’m so selfish for talking to my father. my father tried to explain it was a simple question and she began to say oh you’re defending the princess. she is the princess i forgot we csnt say anything to her. yelling this while confined to a hospital bed. she has always been horribly me and hateful towards me my entire life. 

i don’t want to waste my days driving 2 hours to her and 2 hours back. i have finals and rather be grieving in the comfort of myself or my friends. my sister 30 f says i’m gonna regret this, how it’s my fault i get hurt because i have unresolved issues with her. she is basically guilting me for not being around all the time. as if i don’t visit, yet i do just for about an hour at a time, last week i was spending my whole day there she just began to be abusive and mean again and it has a negative effect on me and my mental health. which i’ve tried to explain to my sister but she says its not my mothers fault it’s mine for having personal unresolved issues and i’m letting her die alone. in my pov, if you do not want to die alone, then don’t be so abusive towards people trying to help you, sounds harsh but it’s how i feel."
"aita-1c5c7d28","NTA","1.0","10","family","5","5","5","1","Crisp fiduciary duty vs. fairness to stepkids in reallocating trust funds; excellent moral clarity and diagnostic value.","18","AITA for telling my sister that I will follow the instructions our parents left for the trust they set up for her children?","i lost both my parents in 2020 from covid. early in the pandemic they had asked if i would take over protecting the trusts for my sisters children (and stepchildren). i said yes. both my sisters bio and both the stepkids are going to be paid a lump sum when they turn 20 that my parents had saved for them. my sister is aware the money exists, she knew from our parents. she is also aware i am overseeing it until they are old enough.

my sisters first husband died many years ago. her first husband's family are still active in her bios lives. at christmas they were made aware of a large savings account for both of them that was added to by both her late husband and the grandparents. this appears to be a very large sum of money. not sure just how much bit it was enough to rattle my sister and her husband because this puts them at a huge advantage compared to their stepsiblings, who never had any relationship with their mothers extended family or their mother.

my sister asked me to put her bios money from our parents into the trusts for her stepkids, so that way they have it somewhat evened out. i said i wouldn't feel right doing that. she told me i have the power to do it and it's in my hands. i told her i would follow the instructions left by our parents and would not change anything. she told me i am going to make her stepkids feel like shit and it's going to divide her family more than it already is.

aita?"
"aita-1effde4f","YTA","0.75","8","family","5","5","5","1","Rich but clear dilemma about ending a family vacation early over mistreatment of a sick child, with strong tradeoffs among siblings’ interests.","19","AITA for making my family leave our vacation early?","my wife and i have 3 girls (anna 15, ava 13, amelia 10). we went on a vacation with my sister, her husband, their 2 girls (14 and 12), and my brother, his wife, their 2 girls (15 and 13), and their son (20). 

the house we booked has a huge bunkroom that all of the girls were going to sleep in. there were 2 bunk beds with trundle beds underneath and a single bed. amelia is very sick and can't sleep on the top bunk because she has a hard time getting up and down the ladder. the trundles are also out of the question because she has a hard time standing up when she's that close to the ground. that leaves the bottom bunks and the single bed. i told my brother and sister that amelia needs the bottom bunks or single bed. they both said that should be fine. 

we got to the house and the girls ran to start calling their beds. usually when we all travel somewhere, the girls choose their beds in order from oldest to youngest but i assumed my brother and sister talked to their kids about amelia needing either the bottom bunk or single beds. anyway, amelia was left with a top bunk. 

she came to tell me what happened so i went to talk to my daughters and nieces and see if anyone was willing to switch with amelia. everyone, including my daughters, said it's not a big deal, they've always chosen beds this way, and the top bunks aren't even that high up. i told amelia she was going to sleep in the bedroom with me and my wife. she was upset about it but we told her it's better for her because she needs to sleep early and take naps anyway. 

she went to play with her cousins and everything was okay the first day but on the second day, she ran to us crying because her cousins were teasing her for sleeping in her parents bed instead of the top bunk. we talked to them again but they brushed us off. then i asked my older two why they didn't defend her but they said they didn't think it was a big deal and she's old enough to defend herself. amelia clung to us for the rest of the day and was feeling miserable. we couldn't get her to play with her cousins so we decided to end the trip early and go home. 

my older two were furious that we ended the trip early because she was ""too spoiled for the top bunk"" and ""couldn't handle a little teasing"". my brother and sister agree that she was acting a little spoiled and that i shouldn't have ruined the vacation for my older two because of her so now i'm wondering if i was the asshole."
"aita-2266cedb","NTA","1.0","8","pets","5","5","5","1","Very clear action (re‑homing a secretly bought puppy due to serious allergies) with competing claims of consent, health, and marital respect.","20","Aita for giving away my husband dog","my husband recently got a puppy behind my back, i’m allergic to dogs and told him over and over again that i do not want to live with one because of how bad my allergies are. 

i told him he can get a cat, a chinchilla, any other animal i’m not allergic to and i’d be fine with it. 

he told me he thought i was lying about my allergies and to just take some allergies pills, dog allergy medication dose not work for me even after taking them i still can barely sleep, i have a difficulty breathing because i have asthma as well.

i told one of my good friends about the situation and he offer to take the dog because his daughter really wanted a dog so i got him to come and pick up the dog when my husband was at work. 

my husband works and i stay home and take care of the kids and do the cooking and cleaning. when he came home he freaked out and we got into a huge argument he even threatened to leave me and refused to eat dinner 

aita?"
"aita-227a799b","NTA","0.75","8","family","5","5","5","1","Strong, clear case of confirming neglect to an ex that may affect custody, with serious stakes and competing loyalties.","21","AITA for telling my sister's ex that my sister is neglecting their kids","i babysit for my sister. she has three kids (all younger than 8) and her house is always extremely filthy. i babysat at her house for a couple weeks and the entire time the kids didn’t bathe once, they had no clean clothes, their hair was extremely matted and lice infested, and the house was extremely dirty. there was dirty laundry covering most of the floor and what floor you could walk on was caked in something sticky. i’m suspecting it’s spilt soda that accumulates overtime but it was so bad that your feet stick to the ground and you have to fight to pull your feet back up. because of this, i wore shoes in the house. honestly, if it was just the house dirty but the kids were obviously taken care of i wouldn’t have said anything to her ex. i offered to help her with bathing, laundry, cleaning but she told me no, her house her rules. their divorce was very messy. she cheated on him and lied to our family saying he was beating her everyday but he wasn’t. he was heartbroken by the divorce and most of our family genuinely felt bad for what happened. since she doesn’t allow him near her house, he picked up their kids at my house. he said his younger kids kept telling him awful things about the house and that my sister was locking herself in her bedroom with her boyfriend for hours screaming and ignoring the kids. the younger kids also told me this story. anytime i see the kids when he has custody of them, they are extremely clean and well taken care of but when my sister has them it’s the total opposite. he asked me some questions like kid 1 says the house looks like this, did you notice it too? or kid 2 says she can’t sleep in her bed because it’s covered in ants and they have to sleep in a couch instead. he asked multiple things and i defended what was wrong but what was right i didn’t say yes or no. well he asked my parents the same things and they found out i said yes to everything although i technically didn’t. i am being called an ah because my sister might lose her kids if he uses this in court. my parents also said don’t be surprised if my sister cuts me off and doesn’t let me see the kids anymore. i feel bad but i think my sister should take care of her kids if she wants custody. if i were her ex i’d want to know what’s up too. aita?"
"aita-235df302","YTA","0.8571","7","family","5","5","5","1","Excellent scenario about dodging expected childcare by upgrading seats; motives, history, and stakes are clear and evenly debatable.","22","AITA for upgrading my ticket knowing that my sister expected me to help take care of her kids on the flight?","my sister and i live in the same city, but our parents moved to another country for retirement. they flew us out for their anniversary. our parents buy all of us tickets on the same flight.  my sister has two kids - a 6 month old and a 5 year old. she is currently separated from her husband so she would have to handle 2 children by herself on a 10 hour flight. or so i thought.

she calls me up a week or so beforehand and asks me if i will be willing to help her take care of her kids on the flight, and something about taking shifts so we can both sleep. i tell her that i wasn't comfortable with that, but she says ""nephew loves you so much"" so we can work something out on the flight and hangs up.

i was pissed. i didn't sign up for mid flight babysitting. i called my airline office and asked if they had any business class seats available. they said yes, and i upgraded using a mix of points + money. the upgrade cost me $50 out of pocket, the rest covered by my frequent flyer miles and it was money well spent to be able to sleep.

i get to the airport, check in and wait around for my sister to show up. she does, and i eventually tell her that i upgraded. she... didn't seem too happy. she still sends me little screenshots of how important family is and how we should care about them.

i mean, the only reason why i upgraded was because she expected me to babysit. and i didn't give her a heads up.

and for everyone that said i didn't tell her i didn't want to do it: i did. i did tell her over that phone call i didn't want to do it. she does have a history of dumping her kids with me, and i didn't want to spend 10 hours on the plane with them, only to spend another week with them in a foreign country - where i did babysit them while she went sightseeing for ""me time""."
"aita-25ef652c","YTA","1.0","9","family","5","5","5","1","Rich scenario where OP allows unauthorized structural changes on landlord‑aunt’s property, causing loss of sentimental tree; facts and stakes are very clear.","23","AITA for my husbands aunts tree being cut down?","my husband rented his aunts home before we got married. he signed a month to month lease when he moved in. i moved in with him after our marriage because the rent was super cheap. 
my parents recently came to me asking if they could park their rv at our home.
i didn’t see a problem with this. our yards are really big and there is space.
because of city ordinance the rv has to be parked in the back yard. there was no rv gate in the fence. my husband went to his aunt and asked if we could install a rv gate? his aunt said no. my husband relayed the message to me and my parents seemed upset when i told them. 2 days ago. i came home from work and saw that my dad had a construction crew at our home and had removed part of the fence for the gate. there was a apple tree in the way. they couldn’t fit the rv in the yard. my husband angry told my dad not to continue and that they needed to repair the fence.
at this point i felt like it was pointless. the fence guys already built the columns for the gate. it would cost a lot more money to rebuild the fence. i told my dad to finish the job but make sure it was left super clean. that it looked nice. i planned on talking to the aunt later and explain what happened.
what i didn’t know was my dad told the guys to remove the tree. 
my husbands aunt came by and saw the tree cut down and started to cry. she has refused to talk to my dad or me. when my husband came home he found a 30 day notice on our door.
terminating our lease. he tried to call his aunt and she didn’t answer the phone. he then called my mil and she went to talk to our aunt.
later i got several messages calling me an a for cutting down the aunts late husbands tree. i had no idea he planted the tree. now my husband and his whole family are really angry at me. i never told them to remove the tree. i feel like i am being thrown under the bus here. am i the a here?"
"aita-2a6d1a8e","NTA","1.0","10","family","5","5","5","1","Changing last name back and walking out of heated discussion presents a well‑defined identity vs. family‑unity conflict.","24","AITA for walking out mid conversation and refusing to discuss it more?","this happened last week. i (18m) was talking to my dad and stepmother about the fact i had chosen to change my last name back to my original one. they married when i was 8 years old and at the time they wanted one family name, so my dad, sister and i took her name because she had four kids with the same name as her vs the three of us. neither my sister and i wanted to change our names. our last name was both our mom and dad's name. they'd shared a last name but were not related. so it was not just who we had been up to that point but it was something we shared with our mom who died when i was 6 and my sister was 5. our argument against it was shot down however, because they  told us it would be easier to live as a family with the same name. 

having her last name never felt right to me. i never saw her as my mother, and i don't have the same kind of bond with her that i had with my mom or have with my dad. i had voiced as a teenager that i would change it back sometime, but they ignored me. once i made the decision to do this now that i'm an independent adult i decided to discuss it with them. it was not well received and the discussion last week became very heated and intense, with them telling me not to, with a lot of talk around how i was being mean, and how i had lived with her name longer than my original one, and people knew me by it. at that point my sister chimed in that he and i would both go back to the original name and she'd started saving once she learned from me what the process is and how much it costs. this was a fuel added to their fire. it got out of hand. so i walked out on the conversation and left the house and went back to my dorm. i then sent a text saying i had given them the chance to hear it from me but i would not discuss it further and it was happening.

they called me childish and told me i was not behaving like a man. that men don't walk out mid conversation and they don't refuse to be manipulative and refuse to discuss things.

aita?"
"aita-2a6f0b16","YTA","0.8333","6","romantic","5","5","5","1","Very clear jealousy vs support conflict over attending partner’s film with nudity/sex scene; strong moral tension, good context.","25","AITA for refusing to go with my girlfriend to her student film screening because has a topless scene and a love scene in it?","i've been with my girlfriend for two years. she attends a film school and i attend a traditional\* 4-year university. my girlfriend is a fantastic actor, and writer. last year she wrote a script for a class and her professor loved it so much he was able to convince the school to pay my girlfriend to make it. she's spent the last few months working on it. she is the writer, playing the main character, and directing it and she finally finished it in early january. next week, she will have a screening for it at her university being attended by about 150 students and faculty. i am so proud of her and happy that she got the opportunity to do this. there's however one problem. she wants me to go as her date to her screening, and i do not because she has a topless scene in the movie and a love scene with another guy.

now don't get me wrong, i get it, it's art. it's not her fucking the guy, it's her character. that being said, i really don't want to see that. i also am not a huge fan of being in an auditorium full of people looking at my girlfriend's boobs and then seeing her getting railed.

i will admit, the scene where she's topless is nonsexual. in the draft of the script, she asked me to proofread for her, the nudity is in a medical context. i don't know much about the love scene. there was not much written about it in detail, but i can't imagine it'd be pleasant to see in any context. i was already uncomfortable enough knowing it had been filmed and a video of that will exist forever, and now a bunch of people will see.

when she told me, i told her i don't know how comfortable i'd be with seeing this. she got kinda upset with me and told me this was really important to her and she really wanted me by her side with this. i told her i want to support her but i couldn't watch the love scene. she told me i was being a selfish asshole and that i should be able to get over my insecurities about that for one night. i told her i really wish i could, but seeing that would really not be good for me. i'm at a point now where i'm thinking the best option for the sake of our relationship is to just grin and bear it, but i have no idea how seeing the sex scene would make me feel.

aita?

\*i edited to change real to traditional, i wasn't trying to imply that her school wasn't a real school, i added this part to make it clear that i'm an outsider to that world and do not understand or view things like films as artistically as she does."
"aita-2bb9b1d1","YTA","1.0","10","neighbours","5","5","5","1","Very clear concrete action (using others’ trash cans for dog poop), legally and socially ambiguous with strong tradeoffs and no dependence on narrator identity.","26","AITA for putting my dog's poop bags in other people's trash cans?","when i walk my dog around the neighborhood i pick up his poop and carry the poop bag until i reach a trash can, either a permanent city trash can, like the one you might find at an intersection, or, if they are by the street, a wheeled trash can that is in front of someone's house. 

ok, i know i might get some hate for this but i have a couple things i feel justify my actions. 

the trash cans i'm talking about are provided by the city, printed on the receptacle in huge letters is ""property of city of (my city)"". the city does not charge you for the trash cans. they are a requirement of using the city's provided trash service (which they do charge for). trash pick up is once a week, and it is common in my neighborhood for people to just leave the trash cans outside in that strip between the sidewalk and the street all the time. 

i only ever put anything in these trash cans if they are on the street, or accessible from the sidewalk. i don't go onto private property or seek out the cans if they are not immediately visible.

i tie a knot in the poop bag to seal the poop inside and reduce odor. 

i'm not a hypocrite here, if i leave my trash cans outside and someone else puts their dogs poop in my can i don't care. i do however, store my trash cans in my rear of my property so they are not  visible or accessible from the sidewalk. 

my boyfriend thinks i'm the ah because it stinks up people's trash cans, and technically- it's illegal to dump trash in these cans without permission. my argument is that if people didn't want other people to put trash in their cans they would wheel them up their driveway away from the street. plus i think the cans are kind of an eye sore. 

so let me have it, aita?"
"aita-2c50d1f5","YTA","1.0","10","parenting","5","5","5","1","Crisp parenting decision (forcing advanced reader to only read at her level) with clear harm vs good-intentions tradeoff and rich diagnostic value.","27","AITA for only buying my daughter books that are close to her reading level","my daughter rose (9) is a very advanced reader. she’s in 3rd grade (8-9 year olds) but reads at a 9th grade (14-15 years old) level. 

despite her advanced reading level, the only books she wants to read are the i survived series and the a-z mysteries. both of these books are far below her reading level so i told her it’s fine if she wants to read them in school but at home she has to read things closer to her level. 

i’ve taken her to bookstores and we’ve looked through the young adult section but she refuses to read any of the books. she says they’re all boring and gross. she always asks to get books from the children’s section but i’ve said no because they’re too easy for her. 

rose has started sneaking books home from school and when i started taking those away, she stopped reading in general. now rose has pulled away from me and her teacher is recommending that i let her read whatever she wants. 

rose’s dad (my ex) found out about this and tore into me for not letting rose read books for kids her age and offered to send her books but that’s not the problem. i don’t have a problem with rose reading but if she’s going to read, she should read something close to her level. 

now everyone’s mad at me so i wanted to know if i was the asshole"
"aita-2f387498","YTA","1.0","10","money","5","5","5","1","Clear money/boundaries breach (unemployed spouse buying $600 gift for mom from joint account) with strong conflict between fairness, loyalty, and autonomy.","28","AITA for refusing to return the $600 dollar gift I bought for mom for Christmas?","to start i want to mention that unlike my wife i have a very good relationship with mom. and because my siblings can always afford pricy gifts for mom this year i decided to gift her something nice and expensive for once on christmas though i'm currently unemployed but i work for the past few months and my wife and i have a joint account.


the problem began when my wife found out i purchased a $600 dollar necklace for my mom to gift her on christmas using our joint account- she went off on me saying i should've told her and shouldn't have taken money from our joint account that she uses to pay the bills and rent especially now that were struggling. i asked why should i tell her since it's for us both but she reminded me that despite that being true (1. i no longer work and (2. 600 is a lot and i should've consulted her but the reasons i didn't are (1. i feel that it's my money too and i can make purchases using our joint account and (2. i know if i told my wife she'd refuse to let my buy the gift solely because she hates my mom. she yelled at me saying that is her hard earn money i threw away and needed to return the necklace but i refused because mom already knows about it. she responded that this is no longer our joint account since i no longer earn money and that if i want to gift mom expensive items then needed to earn money. she insisted i return it but i said no and it escelated to me calling her bitter and control after she pointed out i never got her anything in this price range.


she's insisting i return it and at least get a cheaper one but i'm done being the one with the least expensive/valubale gifts to gift in the family. she is making this her hill to die on. aita?"
"aita-30177f7e","NTA","0.7143","7","family","5","5","5","1","Crisp scenario about refusing to rehome a bonded pet for a visitor with allergies, balancing human family demands against animal commitment.","29","AITA for choosing my cat over my brother?","sounds insane i know. please hear me out. 

so about 7 months ago i adopted the most adorable kitten from my university’s local pet shelter rescue program. they were at capacity and had to get these kittens adopted asap, and since i have an apartment i share with dad, i thought, why not? 

my dad and i love this kitten. he’s quite at home in the apartment and since he was feral, he only trusts us and a handful of other people. 

my parents are divorced, live in different states. used to live w mom when i was young, currently crashing at dad’s because he’s close to my uni. my younger brother still lives with our mother. my dad and i “share” the cat, but it’s clear he’s mine because i feed him and clean up after him, etc.

well, when my mother heard about the cat, she flipped. my brother occasionally comes to visit, but is highly allergic to cats, same as her. the thing is, before i adopted the cat, my brother made it explicitly clear that he never wanted to visit my father again. (we have a really rough and abusive past with him but that’s irrelevant here. i’m trying to patch things up because he’s helping pay for my college, my bro wants to cut him off completely.) she keeps telling me to get rid of my cat!

so when our mother freaked out, i explained what brother had said. she said that was no excuse and that he “had to see his father”. i told her he should be able to do what he wants, and that made her angrier. several months later (now) he actually wants to come visit bc “daddy has money” so my mom is once again pressuring me to get rid of my cat, so my brother can stay with us for a weekend. 

i’m telling her to just give him lots of zyrtec or other allergy meds. we are planning on getting out of the house, a little camping trip or something, while my brother is in town so he’s exposed to the cat minimally. since he doesn’t live here, i feel like that’s fair. he’s my cat, who’s very attached to me. if my brother were moving in, it would be a different situation. 

my mom is very angry, claiming i’m “choosing a cat over my brother”.

so, aita for not wanting to get rid of my cat?"
"aita-306f221b","NTA","1.0","9","romantic","5","5","5","1","Refusing to tolerate boyfriend’s intentional bad manners at fine restaurant and confronting him later is crisp, with strong social‑norm vs. individual‑freedom tension.","30","AITA for insisting my boyfriend eat respectfully at a nice restaurant?","so my boyfriend (20m), l, and i (20f) have been dating for 7 months. we usually eat take out if we want to get something to eat. however, i recently was promoted so we went to eat at a very nice italian restaurant to celebrate. like, one with an enforced dress code. 

my boyfriend is not the nicest of eaters, which can be kind of gross but i deal with it. however, i didn’t realize he had no table manners. at the restaurant, after we were served our first appetizer, a beautifully plated bruschetta dish, l looked at me and jokingly asked me if i would be upset if he enjoyed his meal the same way he would at home. i told him that we were at a nice restaurant and there were other customers around. 

he didn’t say anything, but instead started digging into the bruschetta with his hands, ignoring the serving fork, getting sauce all over his fingers. i let this go. however, when the pasta came out, he smirked at me and ate like he hadn’t eaten in a week. 

he dropped his fork and started picking up pieces of chicken and noodles with his fingers, getting sauce everywhere: the tablecloth, his hands, his clothes and face. he didn’t miss the opportunity to loudly burp after he had finished destroying his side of the table. the table next to us was astonished. my waiter even asked him if he was ok. other customers were staring. he also put his feet up on the chair next to us, blocking the aisle. 

i had no idea what to do. i didn’t want to make even more of a scene so i just asked for the check (which i paid) and left really embarrassed. on the way home i told him how embarrassed i was and he just said that it was my fault for not letting him enjoy the meal as he pleased and that since we were paying customers the other guests had no business judging us. 

aita?"
"aita-307561b1","YTA","1.0","9","weddings","5","5","5","1","Well-defined prank-at-wedding scenario with strong social norms (wearing white, humiliating partner) and clear yet debatable judgment.","31","AITA For making my girlfriend wear white to a wedding?","my best friend and i are the type to always pull pranks on each other, it's just how our friendship formed and we always get a kick out of it.

for example, he once invited me to a party and told me to wear a costume and when i got there, it was normal attire. i laughed after the initial embarrassment, and like i said we are comfortable enough to do that to each other.

he held a wedding this past weekend, (socially distant, everyone was spread out and it was entirely outdoors). in the weeks leading up to the wedding, i told my girlfriend to wear white as it was expected all the women would wear it. she was reluctant but i told her that it was just a quirky thing the bridge and groom were doing, so she said ""ok"" and bought a white dress.

when we got to the wedding, it was standard wedding attire and my girlfriend was mortified. when my best friend saw what i had done, he was cracking up and joked ""i guess you two are getting married instead of us!""

the bride was pissed off and made a huge deal out of it. normally she is really chill so i was surprised by her anger. my friend even tried to calm her down and told her it was just clothing and it doesn't change anything.

now i feel incredibly bad by what happened. i really didn't think it was a big deal. i personally think this is being blown out of proportion but i don't know."
"aita-35a3ef03","NTA","1.0","10","roommates","5","5","5","1","OP leading confrontation and imposing limits on freeloading houseguest is a very clear roommate‑boundary scenario with strong diagnostic value.","32","AITA for yelling at my housemates’ girlfriend and telling her to limit her time at the house","i (19f) live in a house with four other housemates, one of which is (21m). he is dating a girl who i’ll call emily (18f). 

emily has stayed at our house literally every single day for the two months i’ve lived here, without chipping in for utilities or our groceries (which she eats without our permission btw). she has her own apartment, but for some reason, is always at our house and even brings over her laundry to do, knowing it racks up our bills. she uses our stuff, enters our rooms without asking, and even brings loads of her friends over. 

i’ve been patient, but last friday, she brought her friends over to cook in our kitchen without even notifying me or the other housemates. they were being loud, which i don’t really mind, but someone broke a glass and just left it on our kitchen island, without cleaning up the glass shards or telling us about it. 

we didn’t find out about it until my other housemate cut his finger the next morning. this prompted me to knock on their door and ask her why she thought it was okay to just leave broken glass all over the counter. when i confronted her, she told me that it hadn’t been her or her friends who broke it, and she had no idea it happened.

however, this was impossible because two of my housemates weren’t even home over the weekend, i drink completely out of my own water bottle, and the other housemate does too. 

she tried turning it back on me and implying that it was me who broke it, but eventually agreed to clean it up. she did a terrible job though, and i cut my foot on glass the next day, while one of my other housemates had glass fly out at her from the food disposal. 

we decided to have a house meeting, where i  told her i was sick of her disrespect, and yelled at her for lying to me about the glass. we also told her that she couldn’t stay over for more than half a week anymore. she started tearing up, and her boyfriend (my housemate) said i was being too harsh and that he didn’t appreciate me yelling at her. the rest of my housemates are on my side, but him and emily have been avoiding me since. aita?"
"aita-37a4b7e0","NTA","0.8333","6","roommates","5","5","5","1","Sharp roommate-boundary case about disconnecting personally owned appliances after misuse and conflict over shared resources.","33","AITA for restricting roommate’s access to washer and dryer?","i have a roommate (almost 40, works from home) rm1 who constantly does laundry. like... 4-6 times a week. i don’t work from home so it’s really hard to do laundry on weekdays.

we previously tried to assign laundry days but she wanted 4/7 days and both saturday and sunday, leaving 3 days for me and rm3 to split. so we scrapped that and have been doing first come first serve. 

i put my laundry in at 6 am sunday morning and set an alarm to go change it over at 10 am. when i went in to change it over she’d taken my wet clothes out of the washer and put them on top of the dryer and run her own laundry through. i had some woolen items in the laundry and it ruined them. i had to throw some of them away. 

i tried to talk the situation out with her and she refused to admit that she did anything wrong, accused me of stealing the washer and dryer from her, and told me it was my fault she had to touch my laundry because i was “hogging” the laundry room. 

i disconnected the washer and dryer and told her she couldn’t use them (again, they are my appliances). she’s now pissed off and telling people that i had no right to do that. 

aita for disconnecting the washer and dryer?"
"aita-3811f419","YTA","1.0","8","parenting","5","5","5","1","Very sharp parenting conflict where OP blames older child for younger’s tantrum and broken console, neatly testing fairness and enabling behavior.","34","AITA for getting mad that my oldest son didn't let my youngest win a game?","i have 4 kids, only 2 are relevant to the story, my 10yo son we'll call jack and 8yo son who we'll call tony. they were playing mario kart with each other on their 3ds's, my oldest son knows to let the youngest win, otherwise he'll throw a tantrum. the boys swapped dss because tony's needed to be charged and jack didnt really feel like moving from his spot. 

like i said, jack knows to let tony win but for some reason he didn't this time. tony started his usual i didn't win tantrum and threw jack's 3ds across the room. the consol broke, the top screen came off the bottom and the buttons are unresponsive. jack was upset, and that's why i got mad at him. he had been told repeatedly to let tony win to avoid a tantrum.

my husband and my two girls (16 and 17) are saying that i should make tony give jack his 3ds, but i think its jack's own fault for giving him his one and then not letting him come first place. jack is refusing to share anything with jack and has hardly spoken to me in days so i'm left to deal with the constant tantrums on my own. aita?"
"aita-3918b89b","YTA","1.0","8","travel","5","5","5","1","Excellent moral vs legal/contractual tension over using a second paid train seat when a parent wants to sit with a child; very diagnostic.","35","AITA for not giving up my bag’s seat to a mother and child?","i take the train a few times a week and i have to work while i do and the nature of my work is i’m constantly taking papers in and out of an awkwardly shaped case. 

because of this i always spring for two seats, otherwise i’m either blocking the aisle or crinkling my papers trying to get them out from between my knees or standing up literally every 60 seconds to get the bag from the overhead compartment and exchange papers. 

i was boarding the train and i sat and put my bag beside me and a woman approached me with a very young child (4ish) and asked if i would switch seats to one a few rows up so her and her daughter could sit together. 

i told her i was sorry but i had to stay where i was because i was all set up for work. she said “i hate to pull this card, but it’s a full train, and you really can’t take up a seat with your bag.” 

i explained the situation and that i had two tickets. she said “i need to sit with my daughter. you don’t need to have your bag right beside you.” and i reiterated “yes but i’ve paid for this ticket” and she said “well you can return it.”

by this point we were holding up foottraffic and a conductor asked what was going on and she said i wouldn’t move my bag and the conductor told me to move my bag saying it was a full train. i showed her my two tickets. 

she said “this woman and her kid need to sit together are you really going to die on this hill?”

and i basically said “there’s no hill to die on, i have two tickets.” 

alright, so up to this point, i think i’m clearly in the right. but half an hour later the mother and daughter passed me again. at the time, i thought they were going to the bathroom. it didn’t occur to me in all that time they wouldn’t have found a seat. 

45 minutes later we came to their stop and i realized they’d never found two seats together. 

so now i really feel like a prick. technically i was in the right but morally i don’t think i was. i don’t know which should win out, the technical or the moral. so... be blunt. aita?"
"aita-3bda69a2","YTA","1.0","9","parenting","5","5","5","1","Highly focused action (intentionally letting child believe he was left at school) with clear harm and punishment rationale, great for moral judgment.","36","AITA Left my kid in the school and waited in the parking lot to scare him:","left my kid in the school and waited in the parking lot to scare him:

8 year old kid. has parent teacher conferences. prior the the conferences he is freaking out about something (to my wife while i'm not there). during the conferences he gets a less than stellar report. he has good grades and all, but a lot of shouting/acting up in class. so after the conference he wants to buy a book from the library book store. my wife hesitates, and i drop a firm ""no"". he starts to get huffy and says hes going into the library book fair anyways, which he does.

i tell my wife lets just keep walking. so we walk out to the car, i put the three younger kids in, and my wife takes them home. she thinks i am going back in to get him. i stay in my car, which is in direct view of the exit of the school. i wait for him to come out which happens in about 20 minutes.

he comes out in a panic, crying, thinking we left him.

my wife is angry that i did not go into the school to get him, and that i instead led him to believe that we left him at the school.

i will update with any follow up/ or clarifying answers.

edit 1: i know this won't change any minds, but to clarify one thing - we said we were leaving. and he said no and ran into the library.  he knew we walked out to the car.

i really do like reading this comments."
"aita-3ca059ff","NTA","1.0","10","family","5","5","5","1","Very clear concrete refusal to become lifelong caregiver to disabled step-siblings with strong tradeoffs and broad applicability beyond narrator’s specifics.","37","AITA for refusing to agree to help with the care of my dad's stepchildren in the event of his and his wife's death?","super long story that i will try to condense for word countage.

i am the youngest of three brothers. there's me (20m), older brother (22m)  and oldest brother (23m). we lost our mom when we were small kids and our dad didn't want to be a single dad forever, so he got married again to janet. janet had two of her own disabled children and her first husband had also died. when dad got married my brothers and i told him we weren't ready and we felt it was too fast. he told us it was his decision, he was doing the best thing for all of us, and the benefits would outweigh any feelings of ""too fast"". but due to marrying someone with two disabled children we of course didn't get this extra amazing life he was trying to paint for us. 

what we got was needing to adjust our needs for theirs, missing out on stuff we wanted to do because those two kids needed full time care, having much less money and also less time with the one parent we did have. he was either working longer hours or he was taking care of his stepkids so his wife could have a break. we also got less time with extended family because my dad said it wouldn't be nice to show off all the people we had vs his stepkids had, and we should be together ""as a family"" as much as possible.

now that we're all adults they realize they need to figure out something for when the two of them are dead. janet has no family support, her first husbands family isn't involved and our dad's family are not super close to her kids. she and dad expected me and my brothers to step up, be siblings, be family, for her kids and agree to make sure they are okay when neither she or my dad are alive. none of us want to do it. none of us even stay in touch with our dad today. we're out of the house and we make no effort because we lost him when he remarried. he remarried because he wanted a wife, not for our greater good. that much is clear.

they asked us and we said no. the tactic now is to divide and try and get one of us to break. dad has been reaching out and trying to say he knows i'm a good guy and must care about their wellbeing in some way. the guilt trip is getting to me a little. especially when he talks about how fucked up it is to leave vulnerable people with anyone. not because i do care but i know his stepkids are innocent and have nobody else. but i don't feel the urge to do it even with that.

aita?"
"aita-3e008487","NTA","1.0","10","weddings","5","5","5","1","Crisp conflict over yielding a hard‑won vacation accommodation for a wedding, with clear costs, social pressure, and reasonable disagreement.","38","AITA for not giving up my accommodation for the brides side of the family?","my husbands friend is getting married in spain by the beach. i booked our flights and accommodation as soon as i found out the date because i was excited and wanted to get a good place now rather than later when there would be significantly less options. 

i recently lost a lot of weight and have a lot of loose skin, i am not comfortable at all with anyone besides my husband seeing my body so i didn’t want to stay in a hotel with a pool, instead i booked out a 3 bed villa with a pool (it was the smallest option, the others were 7 or 8 beds). my husband told his friend about the good deal we got on it and he was happy for us. fast forward to now, he and his fiancé ask if we’d stay somewhere else and allow some of her family to stay there instead, they said they’d give us the money we paid for it but like i said, we got a good deal because we booked early. there are now no homes with private pools available and the hotels cost just about the same as the 3 bed villa and i can’t use the pool so i’m getting less for my money. i refused and opened up about why i wanted a private pool. she was really nice at first and gave me a speech about how beautiful i was and no one would care but i can’t just switch off my insecurity so i said no again and then she flipped and said i was selfish for hogging a 3 bed place because i was too scared to get my flab out. 

the soon to be married couple obviously think i’m the asshole. my husband thinks i should just let it go because it’s their special day and we don’t want to make things difficult for them but at the same time this is the only time we can afford to go away so although we are going for the wedding, it’s also a holiday for us and why should i have to be uncomfortable on my break."
"aita-3eb05de8","YTA","0.7143","7","money","5","5","5","1","Very strong, clear moral tension in contesting a will against dependent partner and children; facts are sufficient and persona‑independent.","39","AITA for contesting a will and likely getting all of the inheritance instead of my dad's girlfriend?","my dad ran off with my mom's friend when i was 12. my mom and my dad never legally divorced.

my mom passed away a few years ago and my dad passed away late last year.

aita for contesting the will even though he left everything he owned to his girlfriend? they share two young kids i don't have a relationship with.

where i live, since my parents weren't divorced, i'm the sole legal ""heir"" to my parents' estates.

i already got a good chunk from my mom and i'm also a medical professional so it's not like i'm hurting for money. my wife also works at a good job.

but the way i see it, it's not my fault my dad never made things official with his girlfriend and she can figure out her own finances."
"aita-40f46f15","NTA","1.0","10","family","5","5","5","1","Clear single action (cruel remark about infertility) within a well‑defined boundary dispute over aunt overstepping as ‘mom,’ giving rich but unconfused moral tension.","40","AITA for telling my sister to adopt kids if she wants them so much?","my (35f) sister hannah (28f) (fake name for the post) went through a horrible divorce in 2021 and lost her home. i let her live with me for two years so she could save some money for a new home. i am a single mother of 2 girls, 9 and 4. we had more than enough space for one more person so we were happy to have her.

she helps around the house, pays some of the bills (even though i told her she doesn't need to) and is generally sweet. my daughters love her too. she works part time and since she spends many hours at home, she willingly took up the role of a babysitter so i wouldn't have to pay for a nanny/daycare anymore. of course i was happy with this. 

onto the issue. i'm glad she takes such good care of my daughter but sometimes i think she takes it too far. she started asking to tag along to school events for my eldest, which wasn't a problem until she started introducing my kids as hers. i talked to her about it and told her it's confusing for teachers if they have contradicting information about who my kids' parents are. she stopped but only for a while until i learnt my new neighbors think she's my kids' mom.

i was floored yesterday when my youngest called her mommy in my presence. i asked hannah what was going on and brushed it off saying toddlers often look at random women and  say mama or random men and say dada. i instantly knew that was a lie because my daughter has never called anyone else mommy. while i was helping my eldest with homework, she told me her sister only calls hannah mommy because hannah told them to call her that in public and she was scared to tell me because 'aunt hannah will get mad'.


i was furious. i confronted her immediately and her response is along the lines of ""you should be happy i treat them well enough for them to see me as a second mother. your girls are happy to have a second mom as well."" and ""i just love kids."" 

i was fuming. in the heat of the argument i told her if she wants kids so much she should adopt some of her own. i admit this was mean since she can't have kids and it was part of what caused her divorce, and my family has been calling and texting and calling me cruel for what i said, but i also feel she needed to hear this. am i the asshole?"
"aita-41817277","NTA","0.8889","9","family","5","5","5","1","Very clear choice to exclude mother from pregnancy news due to past boundary violations, with strong family-dynamics tradeoffs.","41","AITA for letting my mom find out about my pregnancy through Facebook?","my mom has always been a difficult person. in the past we have had a lot of struggles with her control issues and need to be the center of attention. 

two years ago, my sister was pregnant with a baby girl that she had wanted for a long time. due to a previous miscarriage, she told the immediate family but wanted to wait to make a public announcement for another month to be safe. 

my mom decided that she needed to tell everyone, and when my sister said that she'd rather wait my mom posted the announcement on facebook anyways. my sister had no idea until the ""congratulations"" texts started coming in. she was devastated and didn't speak to my mother for a long time. my mom never apologized or admit she did anything wrong, and said it was her news to share too since she was becoming a grandma. 

flash forward to now, and i'm expecting. we wanted to wait until we were in a better place medically before making an announcement. fortunately we were able to keep it to ourselves for a while. when we started telling the family, we called everyone individually to tell them the news and to keep it private since we were making a public announcement later. 

i know this may have been petty, but i didn't call my mom. every time i think about what happened with my sister it still fills me with rage, and i had no desire to give her the satisfaction of taking away that experience again. so, we made the public announcement without telling her beforehand.

naturally she called us screaming when she found out, telling my husband and i how selfish we were and how we didn't care about family since she found out though facebook. this didn't come as a huge shock. however, i keep getting calls and texts from extended family saying that i need to apologize and i'm punishing my mom for being ""excited"" about her grandchildren. 

i refuse to apologize, and i feel justified because of her past behavior. the rest of the family is saying i should apologize and smooth it over with her.

am i being petty? aita?



edit to add: this is not the first time she's ruined someone's news. when my brother told the family he eloped, she told him that he made the family look ""classless"" and asked him what her friends were supposed to think. i truly don't think there's any way that she would have been happy if she didn't get to share the news in her own way first."
"aita-43421f89","NTA","1.0","9","family","5","5","5","1","Sharp, high‑stakes moral conflict over husband secretly evicting vulnerable sister and baby vs. wife prioritizing them, with very clear wrongdoing and options.","42","AITA? For blowing up at my husband for lying to me about my sister and her baby leaving when he actually kicked her out?","my sister (20) got out of a terrible relationship and moved in with me and my husband and brought her 5 months old son, she's dealing with a handful of issues from ppd to depression. i asked my husband if he'd be okay with her moving in and he said absolutely, not just this but he was the one who picked her/brought her home.


she stayed for 2 weeks and helped around the house, my husband started complaining about the baby crying but a newborn is expected to cry especially at night. he said it causes him stress although i suggested he put on earbuds. he suddenly told me to forget it and so i did.

last week, i had to go out of town to attend a friend's funeral without my husband, he said he wanted to stay with my sister to make sure she's okay. i returned home the next day and didn't find her or her baby home. my husband said she contacted a friend in another town and wanted to move with them and left that morning, he handed me a letter he claimed was from her. this felt so odd...especially after reading the letter, i called her phone many many times but turned out my husband found it and said she must've left it behind. i was worried i had no means of contacting her to make sure she was okay, i contacted relatives but they knew nothing.

yesterday, i got a call from an unknown number and it was her, we talked and she told me that she didn't leave on her own but my husband kicked her out after telling her that she was no longer welcome, and she needed to take responsibility for her decisions. i was in shock as she explained that she's not with a friend but at a shelter and she has no money. i waited til he got home and i blew up at him, he admitted he faked the letter an hid her phone then argued that it's his house to and he has a say, but he shouldn't have lied to me about my sister and causing her to be homeless. i he said i was being unfair and wrong to lash out at him for wanting peace in his home. i went upstairs and refused to argue anymore. i told him i'm going to pick her up tomorrow and he said he'd change the locks while i'm gone and i won't be allowed to bring her home. i'm thinking of going to a hotel but he kept saying that i'm letting my sister affect our lives by prioritizing her but there's a baby involved, my nephew and i can't leave him homeless. i get that it's house too but i don't see why he's so against her staying."
"aita-43e41082","YTA","1.0","9","parenting","5","5","5","1","Very clear statement (“formula feed or shut up”) to exhausted breastfeeding spouse, with powerful conflict between support duties and frustration.","43","AITA for telling my wife she should just formula feed","my wife always complains about breastfeeding. first her nipples were always hurting, and now she always talks about how she never gets a minute away from the baby because it feels like the baby is glued to her chest. 

the other night we got in an argument because she wanted to go to the store and she said there’s milk pumped for the baby if she wakes up and gets hungry.  i told her not to worry about it and i’d go. she snapped and said she always has to stay home with the baby and never gets a minute alone. she was saying how she feels lonely and it feels unfair, how i don’t understand how all of her meals are always cold or she has to scarf them down, and how i don’t understand that she always has to wake up with the baby and even if i were to bottle feed the baby, she’d still have to wake up anyways to pump to prevent engorgement.

i got tired of the nagging and told her she needs to just formula feed and stop bitching about breastfeeding. she had the option and she chose to breastfeed, why is that my fault. i told her if she’d just formula feed then i could help more, but she keeps saying that it’s better to breastfeed and that i’m fully capable of helping her with the milk she has stored in the freezer, even though i was under the impression that she was trying to stock up for when she goes back to work. 

once again the excuses started so i said either formula feed or shut up. now she’s mad at me and she hasn’t talked to me in a few days unless it pertains the baby. i told her i was sorry if i hurt her feelings but i guess that wasn’t enough."
"aita-4446a227","YTA","0.875","8","family","5","5","5","1","Very crisp dilemma about doubling down on behavior that sexualizes-seeming affection to antagonize son’s girlfriend; strong, clear tradeoff and easy to reuse.","44","AITA for continuing to kiss my (46F) son (26M) on the lips?","so, there are absolutely no creepy intentions behind this, it’s just something we’ve always done and i kiss my daughters on the lips too. just a quick peck, nothing creepy. 

anyway, when i visit my son or he visits me we hug and give a quick peck of a kiss on the lips to say goodbye. 

my sons current girlfriend finds this to be extremely creepy and she says it makes her feel uncomfortable in a way which makes her believe there are some underlying psychological incestual issues in our family. 

to hear someone say something like that made me feel sick and uncomfortable at first and then it just pissed me off. i told my son if it makes him feel awkward at all we can shake hands or wave to eachother when we say goodbye after visiting but he doesn’t care so when he visits me and has her with him i give him an extra long hug and a peck to say goodbye just to piss her off. 

aita?"
"aita-447642fa","YTA","1.0","9","family","5","5","5","1","Clear action (blaming/refusing to apologize), strong context, and a sharp tradeoff between personal responsibility and reliance on expertise.","45","AITA for saying my wife and me aren't going to apologize to my sister's boyfriend?","my sister *jennifer* (25f) has a new boyfriend *dan* (25m). they've been dating almost 3 months and about a month ago she brought him around so my wife (29f) and me (29m) could meet him. he seemed okay and we didn't have any problems then. while they were over i showed them the train horn i bought to install in my wife's vehicle. i wish i could have one in mine but i drive a company truck so no dice. i have fun if i have to drive my wife's vehicle now because of the horn.

dan said we should reconsider because the horn would be illegal here. since he's 1st year in law school me and my wife thought it was a flex. but we ignored it because he seemed okay otherwise. we didn't know dan has been a a paralegal for over 3 years and works at a law firm that primarily handles traffic and driving cases. we thought he was just showing off honestly because he's in law school now. 

my wife was stopped by the cops and got a citation got the train horn and they towed her vehicle because without a legal horn it was considered unsafe. my wife has to go to court for the illegal horn and we had to pay out the ass for the towing and impound fees plus a mechanic to fix the horn back to a default because i tried and could not. when jennifer found out she said it was our own fault because dan told us the horn was illegal. i countered to the 2 of them that he should have been clearer about his credentials at the traffic firm and we would have listened. but we thought he was flexing and talking out of his ass because he's in law school now. i blame him for not being clearer. we wouldn't have had this problem if he'd actually told us.

jennifer says we need to apologize to dan for blaming him. i disagree. for the record my parents agree. i've been married to my wife for almost 11 years whereas jennifer hasn't even known dan for 3 months. we don't know him well. my wife is family. i certainly don't think she should apologize nor should i because dan could have communicated better here and now we're in a mess. if we'd known dan was an actual professional we would have taken it seriously."
"aita-46c0094f","NTA","0.8333","6","work","5","5","5","1","Clear retaliatory-plan at work with strong fairness vs pettiness tradeoff and simple context.","46","WIBTA if I play a kind of music my coworker dislikes to prove a point?","i have a coworker, samantha. in the field that we're in, we are not allowed to use headphones. we all do our work in a large room. we recently got a speaker, and everyone in the room has been pretty good about taking turns, playing a mix of music, etc.

once samantha came in, though, everything changed. samantha comes in earlier than anyone else, and she uses the speaker **every single day.** i listen to a very large variety of music, but if samantha's music is on, it's either very vulgar rap (which is not appropriate for work) or music that's in a language that no one understands except for her. she has specified that this is the only kind of music she likes. i recently had a manager come in and had to try to have a conversation with them over wap.

everyone has talked to her about the music, including all of our coworkers and our managers, but nothing has happened. she just rolls her eyes and dismisses us, or it will get better for a day and then go back to how it was. we don't want to push too far with management because we don't want to lose the music altogether.

as kind of a ""taste of her own medicine,"" i devised a plan to come in before her one day and play nothing but 70's, 80's, and 90's country...just to prove that we all have to work here, and being forced to listen to music that you dislike all day every day is exhausting. wibta if i were to do this on friday?"
"aita-46f1603c","YTA","1.0","8","family","5","5","5","1","Very clear inheritance decision with nuanced fairness vs autonomy issues and strong diagnostic value.","47","AITA I (60 year old male) am terminally ill. My daughter (40 year old) is terminally ill. I adjusted my will so that if my daughter dies before me her daughter (my granddaughter) will not be getting the same amount that my daughter would've been getting. My daughter thinks this is wrong. Thoughts?","i have two children. one son, one daughter. my daughter is terminally ill and so am i. it is unfortunate, i know.

my will was set to distribute 50% of my belongings/net worth to each of my children. this would've equated to each of them getting around $500,000. it seems quite possible that my daughter will end up dying before me now. this week i adjusted my will so that if my daughter dies before me, her daughter (my granddaughter, a 20 year old) will not be getting $500,000. i am still leaving her 10% which will be $100,000 (roughly). the remaining 40% will instead be going to my surviving son and then he can disperse it however he wants when he dies eventually which could be decades from now. my son has 5 children.

my daughter thinks this is insane and unfair and thinks that her daughter should be getting the full $500k that my daughter would be getting if she was alive when i die. if i die before my daughter then she will get the $500k and then when she dies she would presumably give it to her daughter anyway which is out of my control.

this is causing some huge contempt from my daughters side of the family. i dont at all think it is right to be leaving a 20 year old girl $500k and essentially setting her for life and ruining any motivation to achieve anything in her life. on top of that, the main reason i dont think it would be right is because of all the grandchildren i have on my sons side. i can imagine giving my grandaughter $500k while giving them nothing could cause a large amount of jealousy and issues between them. yes, you could argue that if my son doesnt blow through his inheritance, his kids will eventually be getting the remainder, but my son is extremely healthy and by the time he dies his kids may be well into their 40s or 50s where a windfall wont be as lifechanging. it just doesnt seem right to me at all to set one grandchild for life while giving all the other grandkids nothing essentially. am i wrong for this?

like i said, my daughter is livid, but i think this is the right call. i would love some differing opinions even if they dont agree with me. if you do agree with me i would like to hear why as well. this has all caused a great deal of stress between us but its my money ive earned and i decided it myself. its not too late to change my will."
"aita-47469bd2","NTA","0.8571","7","weddings","5","5","5","1","Very clear single act (leaving seat by bride to sit with partner) and good conflict between wedding etiquette and partner support.","48","AITA for leaving my maid-of-honor seat next to the bride at her wedding?","best friend got married, i was her maid of honor.
it was a destination wedding. my bf (of 5 years) took time off work and we got a hotel room etc for 2 nights in the city the wedding was in. 

i did my moh duties. i bought a dress she wanted, threw her a fun bachelorettes party, stood next to her in church, held a speech at the wedding etc. 

after church, at the reception, i discovered that while my seat was right next to the bride (there was one long table) , my boyfriend was seated at the far far end of the table. next to the photographer they hired and next to a family who didn't speak his language. 

the best man next to the groom had his wife (who was not part of the bridal party) right next to him.

i was hurt and annoyed. i suspect it's because we aren't married (they are very religious) but idk what the hell she was thinking. and she could've at least sat him with the younger people, our friends, so he could talk to someone. 

we've been together for 5+ years, we have lived together forever, we've hung out together with my friend lots of times, it's not like she doesn't know him. 

i didn't want my boyfriend to feel hurt (and i could tell he was a bit even thought he tried not to show it). after the food had been served, i got up and went to sit in the empty seat next to my bf while the photographer was going around taking pics.


my other
 friend later said it was kinda shitty of me to leave my seat next to the bride. i feel like i did the right thing. 
aita?"
"aita-4ac3c0c5","YTA","1.0","8","health","5","5","5","1","Single stark choice (concealing terminal illness) with rich ethical tension about honesty, autonomy, and anticipatory grief.","49","AITA for not telling my wife and daughter that I’m dying?","hi reddit.

i’ll try and keep this brief, last august i found out i have brain cancer, i won’t survive. i’m not taking any treatment as i don’t want to draw it out so it’s going to be a brief ordeal.

my wife and daughter have no idea, i’ve done a good job at trying to act like everything is normal and for the most part it has been, my daughter is on track to get into a top tier university this september and my wife and i recently had a great anniversary at home, we went all out and heated up some ready meals and watched netflix.

my reasoning for deceiving them is this, they don’t need to know and knowing right now will make things difficult, there isn’t a person alive who can stop this from happening so me telling them beforehand just causes them unnecessary pain. my wife is really busy with work and my daughter is working really hard in school, i don’t think it’s right to distract them from that.

here’s where i think i may be ta. i’m actively lying to the two women i love the most every day by not telling them about this, they are living a normal happy life and have no idea that i won’t be there by christmas, i may not make it to see my daughter move out. this is going to be a massive shock to them both and i’m concerned for how they will take this.

unsure what else to say as that’s basically everything. aita here?"
"aita-4b110726","NTA","1.0","9","money","5","5","5","1","Extremely clear conflict over spouse demanding 30% of income for using a room as office; strong diagnostic value about finances, fairness, and marital roles.","50","AITA for refusing to pay my husband for using a room in the house for my WFH job?","i (f32) began working from home 2 months ago. my husband bought the house we live in before we got together. he calls it his property which's fine by me. the house is small, has only 2 rooms , one of which used to be empty til i started using it as an office for my wfh job.


all was going fine with my job til he sat me down last night saying he's expecting 30% ""profit"" from whatever i get from my job since he ""provides"" the office for my work. i was completely caught off guard by this. i asked if he was serious and he went on about it being his home and how he could be using this room for his own purpose since it's ""his property"". i said no and called him unreasonable which led to a blowup. i yelled at him saying he won't get a penny and he pitched a fit and accused me of ""taking full advantage"" even though there's no mortgage to be paid. i do all chores in the house as well as share pay the bills in half.

he got his family involved in this and they're split. his mom thinks i'm being difficult and that 30% is not a huge amout and that this room is providing ""stability"" for my wfh and so my husband should get some sort of benefits.


aita for putting my foot down and refusing to pay a penny?"
"aita-4c7fcae7","NTA","0.8571","7","work","5","5","5","1","Crisp action (asking autistic peer to be quiet in exam) with strong moral tension between accommodation and own high-stakes need to concentrate.","51","AITA for telling an autistic student to shut up?","i (21f) study astrophysics. it's about as difficult as it sounds and i'm not a genius just very interested. i failed one of the foundation maths classes and had to resit it. the exam was in december and it was my last try. obviously i was extremely stressed and under a lot of pressure.
one of the first year students is an absolute genius. i think he's maybe 17 and i know he has autism. he doesn't have a lot of friends sadly. 

he was taking the exam with me and he does this really annoying thing where he talks to himself about every step of every calculation he does. it's not very loud but in an extremely nervous manner. he also plays around with his pen all the time and every time he solves a problem he has a little victory speech and tells himself how good he is. now i understand that this is due to him being autistic but it was so distracting. i was really stressed due to this being my last attempt anyway and he just made it impossible for me to focus. 

so about halfway through the exam i just asked him to be quiet. he looked embarrassed but didn't say another word after. some of my friends said they were glad someone said something and some said i shouldn't have said anything since he can't help it.

last friday i got the results and i passed and now i wonder if i was unnecessarily harsh since it turned out to be fine.

edit to add that my exact words were: can you please be quiet i really need to focus here."
"aita-4d353b34","NTA","1.0","9","work","5","5","5","1","Very clear moral tension between enforcing policy (calling police on shoplifter mother) and compassion; excellent diagnostic value and persona independence.","52","AITA for sending a single mother to jail?","i work in loss prevention for a department store. we are allowed to make citizen’s arrests on shoplifters and charge them for the merchandise they steal, whether it is considered a felony or not.  yesterday, a woman entered the store with a toddler in a stroller and immediately went to our beauty/cosmetics department and started placing some very expensive perfume boxes in the stroller and covering them with the toddler’s blanket. she then entered our children’s clothing department and did the same with a couple of items from that department, hiding them under the blanket. when we approached her, she immediately broke out into tears and tried to tell us that she was only stealing the clothing. once i pulled the blanket back and revealed the perfume to her, she started claiming that she was a single mother and was begging us to work with her. we took her back to our office, and unfortunately with the clothing and perfume combined she was *just* over the felony amount. i stepped out of the office and notified the police department, and everything in me wanted to work with her or take some items off to lower the amount, but it is against my policy and i couldn’t risk my job for her. when the police arrived, she couldn’t get anybody to come pick up her child so we had to wait for a social worker to come and take the child away. the entire time there was a pit in my stomach making me regret it. she is now in custody and trying to make bail according to what i heard this morning. aita?"
"aita-4f6196c3","NTA","1.0","10","money","5","5","5","1","Well‑defined refusal to share inheritance/college funds with stepsiblings and to return parental savings, testing fairness, obligation, and grief dynamics.","53","AITA for getting involved in an adult discussion about money and refusing to share?","my mom died when i was 6. i'm 16 now. dad married linda after mom died. linda has a son who's 15 and a daughter who's 13. dad and linda were saving college funds for me and linda's kids through the years. my parents had already set one up so there were some savings in it pre-marriage to linda. about a year ago my dad and linda started talking about the financial element of those accounts and how much it would really help in terms of college. they're not rich and were disappointed the accounts weren't bigger. it was also brought up that i had more because mine was started earlier than her kids accounts. to give more context mine was started when i was born and linda only started one for her kids before she married my dad.

my mom came from a big family. she was one of seven children and my grandparents had done good for themselves. they weren't rich lol. but they had a home that was mortgage free and they both continue to hold jobs. because i lost my mom they decided to downsize their home and set up an account for me that would help me through life. my aunts and uncles even contributed small amounts. they all have kids so couldn't do as much. but it's more than any of my cousins have, and it's more than linda's kids.

learning about the account made my dad and linda unhappy. linda asked that they allow her and my dad access so they could do what they felt was right. my grandparents said no. dad asked them why they had done what they had and why wasn't it discussed with him. they told him it would be given to me when i turn 18 and not a moment sooner. and that they wanted the money to be for me. to do whatever i liked with it. and that as my mom's parents they did what they felt my mom would want.

the whole thing was such a big deal to my dad and linda that i told them to take back the money they saved for me but leave what was there before they got married. dad asked if i would share some of the money from my grandparents with linda's kids. i said no. i also told him that money saved by him and mom should still be mine because my mom was not saving for kids he would raise with someone else.

linda and my dad believe i am too involved and too opinionated and i'm selfish for not being more giving with linda's kids. dad told me he's disappointed and it's an adult matter that i should stay out of. i think seeing as i was asked to share, i have a right to give input.

aita?"
"aita-5118c324","YTA","1.0","10","parenting","5","5","5","1","Very clear behavior to judge with strong values conflict around inclusion, jealousy, and ableism.","54","AITA for wanting my daughters birthday party to be about her?","my daughter (6) just had her birthday party today. there’s a little girl with special needs in the class and according to school policy, we had to invite the entire class including the special needs girl. my daughter isn’t friends with her so there isn’t a reason for her to be invited or have to come. 

not only did we invite the kid, my wife called her mom and found out what toys she likes and made sure to have it at the party for her. she also put together a separate meal for the girl and set up our guest room for her and her mom in case she gets overwhelmed. 

in my opinion, if we have to invite her we’ll invite her but there’s no need to make this one little girl special and the center of attention. she had her own toys, her own food, and a different costume. it was a princess party and everyone was a princess or prince except for the special needs kid, who was a unicorn. 

after the party i told my wife that i don’t like that she went out of her way to make another little girl the center of attention at our daughters birthday party. my wife got defensive and said she was just trying to be inclusive and accommodating to the little girl and her needs but now she’s talking about play dates and after the party bullshit it looks like my daughter is always going to come in second to someone else’s kid. 

i told my wife i don’t want her to force our daughter to spend time with this special girl just to make the special one the center of attention and she called me a dick. i’m currently sleeping in the guest room and she’s setting up a play date for the girls this week. 

am i the asshole for wanting my daughters events to be about her and not some random kid?"
"aita-514c124d","YTA","0.8889","9","romantic","5","5","5","1","Strong, sharply framed tension between protecting home value/control and accommodating a possibly disabled spouse, with clear action (refusing modifications now).","55","AITA for standing firm on not making my home accessible for my husband?","my husband is losing some mobility in what doctors assume is the start of a motor neuron disease. he has difficulty walking and has lost sensation in the right side of his torso. considering the current world climate, wait times for specialist appointments and etc are extended. we'll be waiting a further 3-4 months before an official diagnosis but our gp says to not get too hasty and don't jump into the mindset of ""lifelong illness"". we just have to wait.

in the interim, my husband said he'd like to get a wheelchair and make our home wheelchair accessible. for a little backstory: this is our home, but it was mine before we got married. it was my parents who bought it for me, i lived here for 5 years, met my husband, and 3 years later got married. it became ours in the marriage. i hesitate to call it ours because i brought it into the marriage, even if legally it's seen as ours.

i don't want to install ramps and redo stairs because it would negatively impact the house value. the actual cost of construction is relatively minimal (government would subsidize some of it) but removing accommodations is not subsidized and can be hefty. on top of that, this is way too soon. my husband wants to get the ball going asap, i want to wait a few months.

aita for putting my foot down and use the ""it's my house"" card?"
"aita-5295a80d","YTA","1.0","10","weddings","5","5","5","1","Crisp prank decision in a high‑stakes emotional setting, excellent for contrasting humor vs respect for milestones.","56","AITA because I “ruined” my best friend’s wedding cake?","so my(24f) best friend k (24f) was married recently. small wedding, tight budget. she knows that i pride myself on my baking skills and asked if i’d consider baking her cake. of course i said yes and that i’d do it as a wedding gift to them, free of charge.

there’s this video i found scrolling on facebook where a guy who was bringing the cake to the sweetheart table tripped and fell, all over the cake. i thought it was hilarious so i asked my brother if he’d mind getting messy. he thought it was hilarious too and agreed.

so i prepared two identical cakes - one as a joke, for the trip/fall/smash and the other to say, “haha! gotcha!” k has a great sense of humor and her husband a does as well so i thought things would be fine.

wedding goes great, reception going great, time to bring out my cake. my brother was carefully walking the cake to the sweetheart table when he “suddenly tripped”, landing on the cake on the floor. everyone froze for a few seconds, but k burst into tears. my brother started immediately saying apologies, the floor was slippery, it’s just a cake, etc. k would not calm down.

people stood up to console k and survey the damage, helping my brother up as well. when he stood, he turned to look at me and i nodded and we met in the kitchen. bro changed into his backup clothes and grabbed the other perfect cake.

i walked into the room and whistled so i could get everyone’s attention. then my brother walked out of the kitchen and we both yelled, “gotcha!” and successfully delivered the perfect cake in front of k and a. we explained it was a joke, the cake wasn’t ruined after all, but k didn’t find it funny and yelled at me for ruining her wedding.

it was just a joke. we cleaned up the messy cake and had the other cake ready to go. k lost nothing, except maybe her sense of humor. i don’t know. but now her family is mad at me and k refuses to talk to me. 

so... aita?"
"aita-533e78ff","NTA","0.8889","9","romantic","5","5","5","1","Well-defined choice about going on trip without spouse after her DUI, with good loyalty vs consequences tension.","57","WIBTA for going on a trip my wife can no longer go on because of her DUI?","last year, my wife and i made plans to spend a week in montreal with another couple we're close friends with. none of us had been to canada before, and we thought it would be fun if we all went together. we requested time off work, bought flights, made hotel reservations, etc. the trip is scheduled for march.

here's the problem: a month we made all these arrangements, my wife was arrested for drunk driving, and she pleaded guilty to the charge this week. my understanding is that she can no longer enter canada with a dui on her record. but i still want to go on the trip, which i paid a lot of money for, and i told our friends i still plan on accompanying them. 

my wife and i got into a huge fight over it, and she accused me of being selfish and unsupportive for wanting to go without her. i don't think that's fair. i've supported her throughout the entire court process, which has been incredibly stressful and expensive, and i've been looking forward to this trip for a long time. wibta?"
"aita-53a1ed62","YTA","0.7","10","parenting","5","5","5","1","Very clear action (plucking toddler’s unibrow for aesthetics) raising autonomy, consent, and beauty-norm questions without relying on narrator identity.","58","AITA for tweezing off my baby’s unibrow?","throwaway account because i’m a regular in a few mommy subs and i kind of don’t need them also judging me for this post. 

i gave birth 15 months ago to a beautiful baby girl. she’s always been hairy. it’s nice in a way because she was born with hair on her head and she has really full eyelashes. but she also developed a  unibrow. it was light at first. but over the last 4-5 months, it’s gotten fairly  prominent. 

for aesthetic reasons, i decided to pluck it while she slept. if she woke up i would stop. i managed to get it all off in a couple days. 

i didn’t really think of this as being a bad thing. but a fellow mom friend of mine (meaning a friend irl) stopped by for a “play date” a few days ago. she’s an extremely observant person and she mentioned my daughter’s eyebrows. i was honest and said i plucked the middle while she slept. she had this horrified look and said she was surprised that i did that. i didn’t really know what to say, but obviously i felt a little insecure about my decision after that. 

i’ve talked to my husband and he says i’m overthinking this, but i don’t know. 

honest feedback welcome, obviously.

**edit for emphasis: as i said in my post, my daughter is 15 months. over a year. the hair darkened in the past few months but that is not her age. not that it really matters but i keep seeing people call her a newborn and an infant which she is not.**"
"aita-5585db7b","YTA","0.8333","6","family","5","5","5","1","Highly diagnostic moral conflict between trauma-avoidance and parental obligation after confirming paternity of an abused teen and then cutting contact.","59","AITA for ignoring my ""son""?","i (35m) am engaged to a wonderful woman and and doing very well in my career. everything has been going well for me, and this news couldn't come at a worse time.

i was recently contacted by ""carl"" (16m) who claims to be my son from a very toxic relationship that ended 17 years ago. at first, i was certain this couldn't be true. he offered to do a dna test, and i agreed just to get rid off him. the unthinkable happened. it came back positive.

carl says that my ex has been horrible and abusive to him for basically his entire life. he says he was never told my name or anything he could use to find me, only that i was a garbage man and he was garbage because he was my son. recently he found my name on some old leasing contracts from when my ex and i lived together. he figured things out from there.

carl says that he can't live with my ex anymore, that he isn't safe there. he wants to live with me and be a family. i just can't. i can't deal with this. i contacted a friend of mine who's on the board of a really good boarding school. he pulled some strings and got carl admitted.

i haven't spoken to carl since. he writes and tries to call, but i ignore him. he's a reminder of the worst time in my life. everytime i look at him i feel sick to my stomach. i can't be his father. i just can't. i feel bad for him, but i can't give him what he wants.

my fiance wants me to talk to him, but i keep refusing. it's putting a serious strain on our relationship. i question my choice every day, but each time i think about talking to him, i realize that would be selfish and cruel, because i'd be giving him hope for a relationship that can never happen."
"aita-56c7d8a9","NTA","1.0","6","family","5","5","5","1","Very focused disagreement over reusing deceased child’s name, with deep but clearly framed grief‑based value conflict.","60","AITA for not wanting to give our son the same name as our first child who passed away 4 years ago?","my wife lost her mom and dad in a car accident when she was 10. her aunt and uncle took her and her brother into their home and raised them as their own. 

four years ago, my wife and i had twin boys. we named baby a michael after my wife’s dad, and baby b adam after her uncle. we loved both names, and it was really nice to be able to remember her father and honor her uncle with their names. the boys were born very early (24 weeks) and unfortunately michael passed away from complications in the nicu at 6 weeks old. adam survived and is doing great. 

now, we’re expecting another baby in may, and just found out it’s a boy. my wife told me last night that she wants to name him michael.

she says that she still wants a son named after her dad, and it’s not fair that her dad and son shared a name and they’re both gone. she also said if we can remember her father by naming our son after him, why can’t we remember her dad and our son by naming our next son after them both. 

i feel as if it’s almost like erasing the memory of our son who died. i already have a boy named michael, he’s just not here anymore. he lived for 6 weeks. we held him, fed him, washed him, read to him, and we called him michael. 

i asked if she’d be okay using michael as a middle name, but she said no. “middle names are only used when you’re trying to get his attention or scolding him for something he did wrong.” 

she knows i’m against the idea, but we’re pretty good at working through things together. we both could tell pretty quickly last night that we had strong and opposing opinions, so we didn’t push it, knowing that we both need to think through our positions and we’ll talk more later. 

aita for not wanting to reuse my son’s name? even if i’m nta, suggestions on how to handle this delicately would be appreciated."
"aita-59999de1","NTA","0.875","8","work","5","5","5","1","Very clear mirrored-insult retaliation at work with strong debate about harassment, double standards, and proportional response.","61","AITA For calling my co-worker ""chunky"" after she repeatedly calls me ""slim"" and makes references to my weight after I asked her multiple times not to.","i have a female co-worker who repeatedly calls me out regarding my weight. i'm female 5'9"" 115lbs and very thin. she is very overweight. all the time she makes comments about my weight. she doesn't call me by name she calls me ""slim"" and i even heard her say one time ""go ask toothpick"" and she has said stuff like ""you need some meat on your bones"" &amp; ""you need to eat"". i have only worked there 8 days. i have asked her very nicely to stop. yesterday i asked her to stop calling me slim again and she basically said it's her mouth and she can say what she wants. 

today when she said ""morning slim"" i replied ""morning chunky"" and she got upset and actually started crying. everybody here at work, (only 6 of us total) is saying i'm wrong and i should apologize because being called fat is ""different"" than being called skinny because being called skinny is a ""compliment"". i said as long as she calls me slim, i will call her chunky and now i'm the bad person. aita if i don't apologize? the owner/manager has completely ignored the situation saying it's ""a high school issue and we should figure it out"".

edit for more info: we don't have hr. there's only 6 of us working here (cupcake shop). we are all regular employees. i went to the owner before i called her chunky and i asked him to talk to her because i felt she was harassing me. that's when he said we can handle it ourselves. that's why i called her chunky. i told her to stop calling me slim and i didn't like it and she continued to do it. she didn't stop doing it after i asked multiple times and i didn't know what to do besides what she was doing to me. she brought up my weight, i brought up her's."
"aita-5adcc772","YTA","1.0","10","family","5","5","5","1","Focused on requesting a paternity test after a friend’s betrayal, rich diagnostic tension between trust, trauma, and fairness to spouse.","62","AITA for asking my wife for a paternity test after my best friend found out his son isn't his son and she told me she suspected it?","my best friend recently found out that the child he thought was his son actually isn't his son. he was devastated when he found out but so too was our group of friends and especially me. i never in 1,000 years would have thought his wife would cheat on him or pretend her child was my friend's. it really is hard to convey how much of a toll this has taken on me and how much it has shaken my ability to trust. i always thought his wife was a good person and 100% trustworthy and certainly not the type of person to do something like this. if she can be so sweet and caring on the outside by harbor these types of secrets, anyone is capable of anything. 

what is worse though is that after all of this came out my wife told me that she suspected that my friend not be the boy's father. she did not know 100%, but based on conversations she had with his wife (they are best friends), she thought it could be at least 50/50.  

ever since i found out about this and that my wife might have known i have been having doubts about whether my son is really my son. i do not have any reason to suspect my wife cheated on me, but my friend probably would have said the same thing at one point. i also am concern considering my wife had doubts but never approached my friend. would she have said anything if he had not found out? i don't know, and that concerns me because i see it as a major character issue. 

i finally asked her this weekend for a paternity test and gave her the reasons above for why i felt it was a necessity. she agree to do it but was furious with me. i don't think she has any right to be angry after she hid information from my friend. who is to say she would not do the same to me if she is comfortable with keeping info like that a secret.

aita for asking for the paternity test all things considered?"
"aita-5bace787","NTA","1.0","10","family","5","5","5","1","Sharp declaration of remaining childfree despite family pressure, with health context; high clarity and strong diagnostic value about autonomy vs parents’ expectations.","63","AITA for refusing to have kids?","i (27f) thought i wanted kids up until i had genetic testing done. my bf is planning to propose soon (we talked about it and he has an idea of how he wants to do it but a pandemic got in the way). he’s always been on the fence about having kids and wasn’t totally for or against it. 

the problem is that my mom and his mom are both now so excited that me and him are going to get married that they’re already jumping into the future and pressuring us about when we will give them grandkids. about once a month, we facetime them both to have dinner “together.” (thankfully our dads are not pressuring us. just our moms.) i have said a few times that i don’t want to have a baby and i would rather just be an awesome aunt and “fur mommy” to cats and dogs. 

yesterday, our moms were talking about grandkids and made jokes about how me and my bf are next in line and i had enough. i just said “i’m not having kids. i’m not passing on my anxiety, my poor vision, my crooked teeth, my blood disorder, and my high risk for colon cancer to an innocent kid. stop talking about babies to me. i’m not having one.” 

i should also mention that i had a miscarriage a few years ago with my last bf and found out that i’d have a hard time carrying a baby to term which is what prompted the genetic testing and led to me finding out about my clotting disorder. i don’t want to experience even more miscarriages while attempting to have one baby. since my bf isn’t committed to wanting to have kids he is on board with us just living out our lives with just us and animals. 

the phone call ended shortly after i said that and my dad called me today to tell me that i really hurt my mom’s feelings and i should apologize to her for being so mean and taking away her dream of being a grandma to my kids. (she wants grandkids from all of her kids.) my bf’s mom also said it was a bit rude to snap like that. 

aita?"
"aita-5eaf7a02","NTA","1.0","9","family","5","5","5","1","Very clear boundary-setting issue about using a spare room for self versus as a parent’s guest room, with plausible arguments on both sides.","64","AITA for not adapting my home for my mother","i am a 25 year old woman and live by myself in my own apartment. i left my mom's house at 16 to go live with my father before even moving out on my own. so clearly, not so close.
recently i moved out of a studio into a two bedroom, and my mother was extremely excited about being able to 'come over'. 
she started insisting i make the spare room into a guest bedroom, but i need it as my art studio and office - it was my main reason for looking for a bigger place.
she is absolutely livid that i won't do that. 
she lives just one hour away, but in the 'country', with her boyfriend. she never liked living out of the city and since i live right in the middle of it she was hoping she could stay over to get her dose of the city life again.
i said i am happy to get an inflatable mattress for the rare occasions in which she comes over. she says i am inconsiderate and rude. 
mind you, up until a couple of years ago i only saw her on mother's day and christmas. now that we're talking again she wants to have a say in all of my life.
she even says it's disrespectful i have cats when she is allergic!! 
my other siblings all live out of the country or in another state, and i am the only one still here. they all feel bad for me and are on my side.
however i have had some people tell me to reconsider. excuses are: she's your mother.shes getting older. it won't take up so much space. she feels rejected, etc.
part of me thinks she wants to separate from her boyfriend and saw this as the wonderful opportunity of a 'way out' until she can find a place of her own in the city, but there is no way i would ever let her move in. 
however, i must admit i am looking at sofa beds online and caving in, but i am still angry and annoyed (and confused !!) 

long story short: mother wants me to make her a bedroom at my place."
"aita-5ee0d8bf","NTA","1.0","9","family","5","5","5","1","Crisp dilemma about how far to fund a polyamorous stepson’s partners on a trip plus whether to hand over cash anyway, with strong diagnostic value.","65","AITA for not paying for my stepson's boyfriends to come on vacation with us even though I'm paying for everyone else?","i 52 married my wife 49 when her son was one year old.  his dad has not been in his life consistently and we, his mom and i, have paid for his life.  we bought him his first car. we paid for his education. we have been there for him. 

well it's our 25th anniversary coming up and i am taking my family to hawaii to renew my vows.  i have been saving up for ten years to do this for my wife. 

i have a daughter 28 from a previous marriage. i am paying for her and her boyfriend to come.  my wife and i also have a younger daughter 21. we are paying for her and her boyfriend to join us.  as well as my mom and stepdad and my mil. 

the problem is my stepson. he is poly.  he lives with a woman and two other men.  i love the kid and his love life is none of my business.  but he wants me to pay for all four of them to come.  

i told him to pick one. i don't care if he brings his girlfriend or a boyfriend. but he only get one extra guest.  i said they were absolutely welcome to join us and that i would give him the money for the two tickets and hotel room and he could figure out how best to get them all there.  

he called a cheap asshole and said i was excluding him because of how he lives.  he is a waiter and doesn't make a lot of money. the other people in his relationship are all lower income as well.  

i honestly thought i was being fair. now he is saying that he won't be coming but he still wants the money i would have spent on two tickets and the hotel. 

i told him no and now he is not talking to me.  my wife has said that i should give him the money.  but that isn't what i saved for.  

am i being an asshole?"
"aita-5f562587","YTA","1.0","10","romantic","5","5","5","1","Clear conflict over fiancé supporting ex’s child, with strong competing values of loyalty, finances, and chosen family.","66","AITA For telling my fiancé to stop sending his ex extra money?","sorry, english is not my first language. i (45f) and my fiancé, who we’ll call mike (47m) are both divorcés. mike and his ex wife, who we’ll call sam, had been married for 13 years before separating two years ago, and are still friends to this day. they also share a son together.

i don’t have a problem with him paying his son’s child support (obviously) but i do have a problem with him sending some extra cash for sam’s 16 year old daughter. they’re very close, but he’s never adopted her and doesn’t have any legal obligation to provide for her.

i had never spoken out about it until last week, after mike bought her an expensive gaming system for her birthday. he told me that since he got a big bonus from work and since she doesn’t usually ask for things, he thought it was a good idea to spoil her. i got made at this since the money could have helped our honeymoon fund and told him to stop spending on kids that aren’t his. we got into a huge fight about it. he said that he had the right to buy his daughter nice things without consulting me first since it’s his own money. i then decided to leave and live with my parents so things cool down. the rest of my family agrees with me except my mom who said i was out of line, so aita?"
"aita-5fe42642","NTA","0.875","8","work","5","5","5","1","Explicit public call-out of coworker’s hygiene with clear workplace-reputation vs health/discomfort tension.","67","AITA for calling out a coworker for not washing their hands?","i (24f) work in a fairly large casual office. one of my coworkers (22f - ""becky"") is a little lacking in the self care department. she often appears to have not showered and has a lot of dandruff and is constantly picking at her skin. she doesn't wear deodorant either. to my knowledge, these things don't really bother other people, but i guess it's also not something that people would really feel comfortable talking about. her lack of self care doesn't really bother me very much, i'm just a little bit of a germophobe. 

we've been in the restroom at the same time a few times and she has consistently left without washing her hands. i know some people might not care very much about this, but it really bothers me. sometimes she asks me for help with things at work and it makes me not want to touch her computer or mouse. 

the main issue with this is lunch. a few people in the office eat lunch together and sometimes do potluck style lunches. becky started joining when she got hired. i really hate sharing food with her, so i started abstaining from the potlucks and just bringing my own food. she then asked for some one day and reached toward my plate. i got visibly uncomfortable and said no. other people at lunch asked what the big deal was and i said i don't really like germs. they replied that everyone in participation washes their hands frequently, which then started the main problem. i said ""well becky doesn't, so i'd rather not share with her.""

becky turned really red and left lunch early. after this, people told me that i was rude and shouldn't have said anything. i think that she should just wash her damn hands. coworkers told me that i made a poor career move, but i just really hate germs! aita for calling her out like this?"
"aita-6524a58c","NTA","1.0","7","family","5","5","5","1","Very clear moral question of choosing a stepfather over a bio father for a father–son event, independent of specific identities.","68","AITA for inviting my step father on a father-son retreat and not my real dad?","for a bit of backstory, i (17m) live with my mother and step father, george (48m). my step dad has 2 daughters, liza(18f) and lori (12f) who also live with us. my biological father is barely in my life. my parents divorced when i was 6. my mother found out my biofather cheated and got another woman pregnant. my dad quickly remarried with the woman he got pregnant and started a new family. sadly, that didn't include me. he never remembered my birthdays, never came to my school stuff, and he often ""forgot"" to pick me up on the weekends i was supposed to stay with him. george was always there to cheer me up or give me a shoulder to cry on. since the day he met me he took me in as his own. he always stood up for me and taught me all the things a son should learn from his dad. i consider george to be my dad although i have never told him that. my step sister liza is extremely upset about this. she never fails to remind me that george is her dad and not mine.

anyways, recently my church was planning a father-son camping trip. my biological father also attends the same church i do. i really want to go on the camping trip but i don't wanna go with my biological father, so i got up the courage to ask george. i told him he doesn't have to go if he doesn't want to. this was first thing i ever did that gave george a slight inkling that i saw him as a father figure. he had the biggest smile on his face and said of course he would go. we later signed up to go together and i thought everything was fine. that was until my biological father called me and told me that i embarrassed him by not asking him to go with me. he berated me and told me i was horrible son. i told my mom and george this and they told me i did nothing wrong. my step sister liza however told me i was in the wrong since george isn't my dad and i shouldn't have even thought about asking george. 

i've been thinking a lot and think i am in the wrong. george isn't my dad and maybe i should have asked my biological father. i just wanted some insight, am i the a-hole?"
"aita-6575e45e","NTA","1.0","9","family","5","5","5","1","Strong, focused dilemma about prioritizing seeing a distant bio-child vs being present for stepchildren on a birthday, with rich diagnostic value.","69","AITA for wanting to spend my birthday with my bio-son and not my step-children this year?","my (53m) wife (45f) and i have been married for 10 years, i have a bio-son from my previous marriage, logan (28m) and 3 step-children with my wife (mike 16m, lisa 14f and nina 12f). i haven't seen my son since the pandemic started because he got stuck in another country, we text, call and videocall, but it's not the same as having him here, when flights were allowed again, he still couldn't come since he got an amazing job opportunity and wanted to do his best, it made me sad, because i miss my boy so much, however i understood that life is sometimes hard. 

i love my step-children so much (i call them my children and they call me dad, i'm only calling them step-children for the sake of the post), they're amazing kids and i'm really proud of them lot. my birthdays are magical with them, lots of fun, games and food. this years, logan is coming to the us for a work trip that falls in my birthday week (my birthday is during a tuesday and he's coming mon to fri)  to a city close to where we live, he's unable to make the drive here and there, so i said i'll be coming to him since his company allows one free day per worker during that week and he asked for tuesday. this means i won't be able to be here with the rest of my children since i'll have to leave at 5 am and then i'll be back around 10 or 11 pm, when i commented them they're bummed and mike said it was unfair of me to choose my bio-kid over them. 

but as i see them, i have to choose either way, my kids go to school in the morning, so we would celebrate after 2-3 pm, i can't take them with me and logan can't come here. it's just a day for all these years i have been unable to see him and we can still do something together during the weekend. i apologized, but said that my decision was final and at night, my wife said i was an ah and that i was no better than those step-parents who cast their step-children aside from the bio-kids, and that she knows i've always love logan more, which is not true. she says me going will damage my relationship with my step-kids forever."
"aita-672a5686","YTA","0.8889","9","neighbours","5","5","5","1","Simple, sharply framed choice about refusing tornado shelter access to neighbors, excellent for probing views on property rights vs emergency duty to help.","70","AITA for not letting random neighbors into my home?","this happened last night and i have been told by my partner that i was selfish but idk. 

there was a tornado warning last night where i live. this isn't too unusual in our state but we are in a city so we dont typically get actual touchdown or anything like that. when the sirens went off (around 6 pm) we heard a knock at the door, and it was our upstairs neighbor. he asked if he and his girlfriend and dog could go in our basement.  we live in a duplex, so it's an old house that has been split in 2 units. they have the second floor and attick and we have the first floor and basement. i told them i wasnt comfortable with them coming into our house, and apologized, and the guy left after kind of awkwardly standing there in my doorway for a second. i said sorry but i dont think i'm obligated to let people into my house just because theres a storm. for what it's worth there wasnt even a tornado after the warnings and the sirens stopped about 5 minutes after he came and asked.

anyway my girl said i was being selfish but i dont think they need access to our house every time there is a storm warning. aita?"
"aita-67df9bfc","YTA","1.0","9","parenting","5","5","5","1","Clear broken promise vs competing obligation to another child with good tradeoff and emotions involved.","71","AITA for going to biodaughter's birthday party instead of my gf's daughter's soccer game?","today was my gf's daughter's (kera, 9f) last game of the season. i had missed all her other games but i promised her that i would be there for this one. but then my ex-wife called me this morning and told me that she had organized an early surprise birthday for our daughter, melissa, (now 11f!) - so of course i wasn't going to miss that. 

honestly though, i thought i could make it to both. kera's mom kept texting me: *where are you?* and i kept telling her i was on my way, but by the time i made it to the game, it was over.

i called kera's mom and asked how the game went. she said in montone that kera's team won, and i said, ""cool, let's celebrate"". but she said, ""that's not happening tonight. where were you?""

i explained the situation and i thought she would understand, but she blew up. she told me that kera had spent the entire car ride home crying because i had broken my promise to be there.

she called me an asshole, and i got upset because what, i was supposed to just miss my daughter's birthday party?"
"aita-68c7ca57","NTA","1.0","10","family","5","5","5","1","Excellent clarity: whether to force a teen to donate his console to a poorer cousin versus respecting his property and plans.","72","WIBTA if I didn't make my son give away his xbox?","i (f30s) have a son owen (m16).

three years ago, my husband and i bought owen an xbox 1 for christmas.

owen has recently gotten bored of the games on his xbox and hasnt played it at all for the past 5 months. he has been talking about selling it and buying a nintendo switch instead, he would pay the difference and buy games with his own money (owen has a saturday job).

here's the problem. owen mentioned it in front of my younger brother jason (m30s).

now jason has been messaging me, talking about how his son alex (m13) would love to have an xbox 1, and said that owen should gift it to him. jason and his wife aren't doing too well financially and there's no way they could afford to buy alex an xbox themselves.

i told jason that would be very nice but said that owen plans to sell the xbox so that he can buy himself a nintendo swich. jason said that i should make owen gift it to his cousin instead.

i argued that it's owen's xbox and he can do what he wants with it. jason told me that me and my husband bought the xbox so that's not an excuse, and that i'm just trying to avoid doing the right thing. he accused me of being selfish and ""having a teenage attitude"" and said that i should make owen give away his xbox. he went off about how i need to teach my son that life is about giving not just receiving and that i'd set a bad example i i didn't.

i know i'm within my rights to just tell jason to forget about it or piss off but i want to know if that would make me an asshole.

i havent talked about it to owen yet because i dont want him to feel pressured to feel a certain way about it."
"aita-6a02c926","YTA","1.0","9","parenting","5","5","5","1","Very clear past action (telling teen she was wanted aborted) with strong autonomy vs harm tradeoff and no missing facts.","73","AITA for telling my daughter the reason why her mom and I separated?","context:  when my wife was pregnant with my now 15-year-old daughter  (claire), i begged her to abort her as i felt that i wasn't ready to be a father. she refused and long story short i divorced her over it. i still paid child support but i was an absentee father for most of her life until around she was 10. when she was 10, her mom and i reconnected and i took a much more active part in claire's life. my wife and i remarried about 2 years ago and we have a 1-year-old daughter together too.

conflict: claire and i were hanging out late at night and we were having one of those late-night chats where you talk about life and such. she asked me why i wasn't in her life much when she was little and why mom and i divorced at first.  in the past, her mom and i would just blow off the question and said we had differing values and such. but i decided to tell claire the truth because i felt she was entitled to a real answer, i told her at the time she was born, i wasn't ready to be a father and that i was angry that her mom decided to keep her. she asked if that meant if i wanted her to be aborted and nodded my head. she didn't take this well and went to her room to cry. claire told my wife about the situation and she was livid at me, but i feel like claire deserved the truth. i didn't mean to hurt her, aita?"
"aita-6b07715a","YTA","0.8889","9","parenting","5","5","5","1","Well-specified action (unilaterally pulling child from school due to mean peers) with rich questions about overprotection, agency, and co‑parenting.","74","AITA for Pulling my Daughter out of School?","aita for pulling my daughter out of school?

i (30 f) recently pulled my fifth grade daughter out of school and my husband (35 m) is very mad at me for it. 

my daughter has never been the type of kid with a ton of friends, but she’s always had a few. recently, she’s been coming home and telling me about how these girls in her class (that i thought were her friends) have been making rude remarks to her. stuff like “why do you still wear that shirt?” and “oh, you listen to that music? that’s cute”.  my daughter’s never specifically expressed that this hurts her feelings too much, but i don’t see how it couldn’t. she’s also started making similar comments to us and her friends from gymnastics. 

i can’t help but wonder what this is doing to her psychologically. it can’t be good for her to constantly hear these demeaning words. i had a talk with her about it and she said she’d not say those things anymore but she couldn’t control her friends. the other day, i was picking her up and heard her friend laugh and say “i can’t believe your mom still picks you up from school”. that was my last straw, so after a couple weeks of considering it, i decided to unenroll her from her public school for the next term and begin homeschooling her. i did briefly discuss this with her father, but not very much because he didn’t seem invested. 

last night i broke the news to my daughter that she would no longer be attending public school after the end of march and that i had found a great homeschooling curriculum similar to the one she’s already following. she immediately bursted into tears saying she would never see her friends again. i do understand she doesn’t have a phone so she can’t text them and it will be hard to communicate to them, but i also don’t think they were right for her. i also told her most elementary school friends don’t even last through middle school. she is very upset to me and after she told her dad, my husband, he got upset with me too. he asked why we didn’t discuss it more and why i thought this would solve the problem. i am a stay at home mom, so i am able to help her with school. i also found some great homeschooling groups so she can meet new friends.

neither of them really want to talk to me anymore, and after i’ve slept on it i’ve started feeling more guilty. i’m starting to think maybe i jumped the gun a bit and made the wrong choice. am i the asshole for pulling my daughter out of school because of her bullies?"
"aita-6b76d912","YTA","1.0","7","parenting","5","5","5","1","Sharp dilemma between protecting a child’s self‑expression and shielding him from likely bullying, with rich diagnostic value.","75","AITA for not wanting my 4 y/o son to get a princess makeover at Disneyland?","i went back and forth on whether or not i should post this because i know it’s a sensitive topic for a lot of people. my wife and i are planning a trip to disneyland and we want our kids to really enjoy the experience. my wife thought of going to the makeover booth in the park to get our 2 y/o daughter a princess makeover. when our son heard about this, he wanted to get a princess makeover also. my wife happily agreed but i don’t think it’s a good idea.

now before everyone starts attacking me for defending gender norms, i want to clarify that i have nothing wrong with my son dressing up and expressing himself. i just don’t want to set him up for failure. i don’t think a 4 y/o is emotionally ready to handle people in public shaming him for not following their beliefs. 

it’s easy to say “screw those people!” but the reality is they exist and letting my son dress up as a princess is opening the door for that kind of criticism and hate.

just to give a little more background on my reasoning, my wife and i recently went to “build a bear” for a birthday stuffed bear. my son picked out a pink stuffed kitten and when we got in line this rude guy in front of us huffed and said “glad i didn’t have a boy so i don’t have to deal with that”. i told him to mind his own business but my son was visibly upset. if we put him in a dress around disneyland i’d expect there to be at least one asshole to make a scene and ruin the day for our son. 

aita for not wanting my son to get a princess makeover a disneyland?"
"aita-6b831f96","YTA","1.0","7","work","5","5","5","1","Crisp conflict between marital loyalty/confidentiality and lifelong friendship in deciding whether to warn about being fired.","76","WIBTA if I warn my best friend that my husband is planning to fire her after he told me not to?","so last year my best friend lost her job. around the same time a position in my husband’s company (he owns the company) became available and she applied for it without telling us. she ended up getting the job and i was happy for her because it was the type of role she had always wanted. my husband was less happy when he found out but since she wasn’t directly working with him, he agreed to not get involved.

yesterday he told me she was going to be fired. at first, he wouldn’t tell me why but later told me it was because she was telling the co-workers in her department that she would get them the better projects because she was friends with me and that she kept telling her manager that she was my friend whenever she got reprimanded in a threatening way. he told me it wouldn’t happen immediately, but it would be soon.

i told him i needed to warn her so she can quit/find a new job before she gets fired but he told me not to. he told me she needed to face the consequences of her actions and i shouldn’t get involved, that he had only told me as a courtesy because she probably won’t take it well.

i still want to tell her. i’ve known her since i was 5 and we’re very close. if the situation was reversed, i think she would tell me, but i know it will cause problems with my husband. wibta if i warned her?"
"aita-6dc50bb8","YTA","1.0","10","romantic","5","5","5","1","Very clear action (skipping partner’s father’s funeral) and nuanced expectations of support in a relatively new relationship.","77","AITA for my response to a funeral?","alright, alright i know how bad this all sounds. hear me out before making a judgement. 


i'm 22m dating a 26f. i had a crush on her for a while, she's really pretty and funny, and we get along great. about a month after we get together, her dad gets diagnosed with cancer. 


i have no frame of reference for dealing with sick people. i have never met her dad, and we are newly dating. about 5 months in, her dad gets pretty sick. during that time, she asks me if i want to meet her dad, and i tell her no, because i think it's way too soon. 


we're together for 6 and a half months when her dad dies. naturally, she's a wreck. she's looking to me for support, but we've only been together for a short period of time. i don't want to help her plan a funeral and talk to family members i've member met before. 


i told her that i'll check in on her while she's planning, but i won't stay with her or help her plan. i also remind her that she has lots of friends who have known her longer than me who are really supportive. she says she is disappointed, but understands, and is fine as long as i come to the funeral. 


the day of the funeral comes, and, i just can't do it. i'm in my car, in my suit, and i just can't go in. my phone is blowing up from texts from her, texts from our friends, phone calls, and i just can't do it. i wind up not showing up. 


we talk later that night. she is really upset and says she can't believe she had to go through the whole event without my support and worrying about where i was the whole time. i felt bad, but reminded her again that we haven't been together for that long, and she had her brother and friends there. 


she calls me an asshole and tells me she needs time to think. it's been about a week now and i haven't heard from her. i think both of these decisions are rash. i don't think i'm an asshole, i just think i'm young and don't know how to deal with death. 


so tell me, aita?"
"aita-6e7c5fa2","NTA","0.8","10","money","5","5","5","1","Strong, detailed financial-resentment case with precise action of forcing husband into repayment plan, highly diagnostic around marital money norms.","78","AITA for charging my husband “resentment insurance” AKA his rightful half of bills?","i (30f) married my husband (35m) a few years ago. when we married, we both made absolute dog shit for money but agreed to split our half of bills and live modestly.

i told my husband early on that if he was ever so miserable at a job, i would support him while he found a new one if he ever needed to quit because i saw my parents do that a lot for each other. well that was a mistake because he took advantage of that right away, and for far too long as he quit his job right into the marriage and i was stuck desperately trying to pay the bills for months.

eventually i got pregnant and i made very clear that i needed him to pay half of the bills and half of all costs of the baby, and that it was never my intention to be the breadwinner nor could i be because i made so little. i worked 80 hours a week while pregnant and he struggled to find work.

fast forward 5 years. i ended up paying about $8000 total by myself for every single cost associated with the labor and delivery, he helped with nothing. i told him i’d like him to pay me back over time.

while he has gotten better with paying his half of bills (kind of, he’s always late) we are now having an issue with school tuition. he and his family wanted daughter to go to private school and i agreed if he’d pay half.

we are now halfway into the school year and i have ended up paying $1,300 so far alone as it is billed to my bank and he isn’t giving me any money.

his parents have generously offered to pay the rest of the year, but i told him i still expect him to pay me back half of what i paid so far. i also told him i’d like to put him on a repayment plan to pay back at least $2,000 of our daughters medical bills (only 25% of what i paid)

he does not understand why i can’t just forgive the total debt as we are married and it’s taken care of already. i told him that this is basically resentment insurance, as we will both be able to say that he contributed to both her medical and tuition, as opposed to now where i am basically a single mother.

his mother is horrified on hearing about this arrangement but i’m sticking to my guns. i have already told him i will be paying less on the mortgage every month so his repayment can begin. 

aita?"
"aita-7364363e","NTA","0.875","8","family","5","5","5","1","Clear extreme action (kicking wife out for mistreating pregnant daughter) with rich family-loyalty and boundaries tension.","79","AITA for kicking my wife out of the house?","throwaway, won't explain much about my daughter's choice because is ultimately not mine.

my wife and i have a daughter, j (23f) who just graduated college a year ago, both my wife and i come from poor background and worked our ass of to give our child everything she would ever need, she's a good kid, smart, kind, polite, she got a full-ride to a good school and moved away.

two months ago, she called us to tell us that she was pregnant, no father in sight. my wife flipped on her, full exaggeration and criticism, she thought out kid was throwing her life our of the window because my daughter was eager to keep the baby and my wife wasn't okay with this. she asked me if she could back home for a while, work locally and overall just be around us because she felt scared and lone at her big city and wanted to spend her pregnancy with us, my daughter didn't use much of her college fund (barely 18 to 25%) and had a good amount of savings, she's also the kind of kid who always helped around the house so i said yes.

my wife didn't had much problem with this, but ever since our daughter came back, she has been passive-aggressive at best. awful comments about how she fucked up her life, how naïve she is for thinking she can keep going with a kid, how the beginning of a career is the most important thing and she just ruined it, she also doesn't have any kindness for our kid, doing too much noise at 5-6am to wake her up, not lending her her car when ask to do quick runs to the store, etc. she's just being mean. my daughter just sucks it up because she thinks she owes us something for letting her stay here.

yesterday, my wife just went over the top, my daughter found a job, she's doing wfh at the moment due her pregnancy (4 months) and was excitedly telling us that after the birth, she wants to get an apartment nearby and maybe raise my grandkid here, my wife just snorted and said that if she already fucked up her life, the least she could do is doing was best for the kid and move somewhere better and maybe do it now. my daughter cried because she was basically getting kicked out and my wife tried to minimize her feelings, so i told her to get out of my house because i was done with her mean teenage behavior, she said i couldn't kick her out but i do, because the house is not a marital property. she left and my in-laws are coming at me because everyone thinks she's right."
"aita-743ffaf1","YTA","1.0","10","parenting","5","5","5","1","Distinct parenting choice to over-schedule an introverted teen and escalate consequences, with strong autonomy vs parental guidance tension.","80","AITA for overloading my daughter's schedule?","my daughter (16f) is really introverted, and doesn't really play any sports, so my husband and i decided to fill up her schedule with afterschool activities every day. she has robotics two days a week, tennis practice three days a week, and band practice for two days a week. she was strongly against it, but went along with it at first. after going through a week of school, she expressed that she wants to drop every single one of those afterschool activities. i told her that she could either drop robotics or band, but she got really angry and said that she wasn't going to spend hours every week on activities she hates. when i mentioned that she wasn't really outgoing, and wouldn't do anything productive if it were up to her, she yelled at me, and called me a ""b\*tch"". for that, i told her that i wouldn't let her drop anything for at least the next month, and if she gave me any more sass, she wouldn't be allowed to drop any of the activities until the school year was over. she stormed off to her room, but i don't really think i was 'being a b\*tch', but she might have been right.

aita?"
"aita-758dadbe","YTA","0.8889","9","roommates","5","5","5","1","Very clear, contained action (using roommate’s supplies without asking and refusing to replace), strong tradeoff about boundaries and entitlement.","81","AITA for letting my gf use my roommate's pads?","my (25m) roommate (25f) has been out of town for a few weeks to attend a family member's funeral. i asked her if it was alright for me to have my gf over while she was gone, considering we hadn't seen each other for a while due to the pandemic. she said no problem, we'd be staying in my bed/my room &amp; she didn't have any food in the fridge we were to leave alone, etc. my gf would probably be gone before she was back as well. 

while she was over, my gf got her period. i know where my roommate keeps her pads, i thought it wouldn't be a big deal if i told my gf she could use them as well the over the counter pain meds my roommate takes. while my roommate has very painful periods every time, my gf doesn't have very painful periods, but every once in a while the cramps are worse and she needs to take them, this was one of them.

i didn't keep track of how many she used, and eventually the weeks were over and she left &amp; my roommate came back. another couple days went by, and my roommate hit her period.

i don't keep track of my roommate's periods lol, but i know this because she came to me looking very stressed and asked where her pads were and where her pain meds were. i told her that i let my gf use them, and she said that my gf had used all but a few plus had finished the pain meds.

she told me the least i could do was go out and get her more. i didn't think i had to, was it really a big deal that i let another girl use her pads (?), and we bickered for a little bit before she left.

she came back a while ago and has been ignoring me since. we've always gotten along pretty well, so this reaction confuses me. is she overreacting because of her period or aita?"
"aita-76beed0b","YTA","1.0","9","family","5","5","5","1","Rich conflict about undisclosed guardianship promise vs spouse’s no‑kids boundary and obligations to orphaned relatives.","82","AITA for not telling my wife that I had agreed to be a guardian before we even met?","i have always said i didn’t want kids of my own. however, i became very close with my niece and nephew. i babysat them; they’ve spent weekends with me. when they were little, my brother and sil asked me to be their guardian should anything happen to them. i agreed, because they are truly the only kids i could see myself raising. niece is now 11 years old and nephew is 10 years old. i got married 3 years ago and my wife felt the same as me about not having kids. she’s very good to my niece and nephew. however, i never told her about what i agreed to with my brother and sil.

last year, my sil passed quite unexpectedly. it’s been very hard on my brother. my wife and i have been helping him out a lot. last week, my brother sat us down and said he was updating his own will. he got a sizable life insurance policy from sil’s death and he’s put most of it into trusts for the kids. he wanted us to be in charge of the trusts in the event of his passing. we agreed. then my brother mentioned adding my wife as guardian in the will as we never did that. my wife was confused and i told her that before we even met, i had agreed to be the kids’ guardian. she got all freaked out and started saying we agreed on no kids, this wasn’t no kids, etc. this started upsetting my brother as he worried his kids wouldn’t have anyone to raise them (we’re literally the only options). i told my brother that i’d talk to my wife about it.

she’s pretty pissed that i never told her this before. i told her it shouldn’t matter, would she really let these kids be orphaned if their dad died? i said my brother dying probably isn’t going to happen before they’re 18. she pointed out we didn’t think sil would either. she basically relented and said she’d become guardian but i’d be doing all of the work with them. i called her selfish for viewing my niece and nephew as a burden. now we’re barely talking.

my friend has told me that i am being an ass and i can’t be surprised at my wife’s reaction. upon further reflection, i wonder if he’s right. aita?

&amp;#x200b;"
"aita-77dca719","NTA","0.8889","9","pets","5","5","5","1","Very clear concrete contemplated action (secretly killing plant to protect cat), strong tradeoff between honesty/property and animal welfare.","83","WIBTA if I killed my friend’s aloe vera on purpose because she doesn’t care that her cat keeps getting upset stomach from eating it?","my friend has a 3 year old cat. 7-8 months ago, she got a giant aloe vera as a houseplant from her boyfriend. i take care of her cat occasionally when she and her boyfriend leave town on vacation. i’ve noticed in my visits that the cat has been nibbling on the aloe vera. i’ve cleaned up his diarrhea and vomit with bits of aloe vera in them.

a few months ago, i warned my friend that aloe vera is toxic to cats and that she really needs to relocate the plant to a place where the cat can’t reach. she told me there isn’t a secure, sunny spot in the apartment, and that the cat is still young and will eventually learn it’s bad to eat it. she said it was a very special gift from her boyfriend and she does not want to get rid of it.

the problem is the cat hasn’t learned. i’m taking care of the cat this week and next. the poor cat keeps having vomits and diarrhea from eating the aloe. i’m tempted to kill the plant by thoroughly salting the soil. i can tell her she over watered and caused root rot when the plant finally dies. she doesn’t know enough about keeping plants to know. should i and wibta?

info: seems there are lots of excellent thoughts about hanging and cages. wanted to add that due to the dimensions of the jumbo plant, hanging and creating a cage structure are not really feasible for the apartment space. bitter apple spray has been tried months ago when i first noticed this. thanks guys!"
"aita-7950c2ea","YTA","0.8333","6","romantic","5","5","5","1","Crisp conflict over autonomy and partner control plus third-party (waitress) complicity, with rich but clear moral dimensions.","84","WIBTA if I yelled at a waitress","i’m currently at dinner with my boyfriend and where we are has a $1 drink special for strawberry vodka lemonades. i got two of them in a row with my meal.

when i ordered the second, my boyfriend told the waitress that was my last one and i can’t have anymore 🙃 i didn’t even smile when i told her to ignore him and placed the order again for a second drink. 

after i finished the second, and got halfway through my meal, i asked her to refill my glass with another one and she paused and gave me a tight smile and said nothing. i repeated again what i wanted and she made no move to take my order or fill it until my boyfriend told her she could, then she said “okay i’ll let you this time” and then went to fill the order.

i was seething afterwards and told him just because he doesn’t drink doesn’t mean he gets to treat me like a child and limit what i drink, especially in regards to overly watered down cocktails. the waitress was wrong in my eyes as well because i showed my id earlier in the night, proved to be a grown 24 year old and i’m not even certain she’s my age, and i just think as a professional she shouldn’t have ignored a direct request and deferred to a man about the agency of a grown adult. i wanted to not yell, but express my thoughts to her and tell her not to repeat what she just did, but would i be wrong for it?"
"aita-7a1065d2","NTA","0.8889","9","family","5","5","5","1","Sharp dilemma about enforcing partner inclusion vs appeasing abusive parent, with concrete pattern of events and competing loyalties.","85","AITA for not inviting my mother to big events in my life because she has repeatedly insisted she wants nothing to do with my partner?","long backstory as short as possible: my mother has some unhealthy control issues. she tracked my location for my entire teen years, even after i moved out she taped a tracker to my car without my knowledge, she is hyper obsessive about all her children but particularly me as the youngest and only girl. i ended up going nc when i was 18(also because my father is actual cheating evil trash) and hadn't spoken to her for the last 5 years until she had a health scare last june and reached out. 

since then she has been going to therapy(required by me is she wanted any form of relationship with me) but has also repeatedly said she wants nothing to do with my partner, she won't even say his name and calls him the ""j-word"" if she has to refer to him. this is because back when i lived at home he encouraged me to move out and go to therapy where i realized how controlling my mother was. i said that was fine, if that was her line in the sand then i'd respect it but warned her that i wouldn't prioritize her over him if it came to health issues, events, etc. 

basically the problem is that she has now missed out on 3 big events in my life over the last 6 months all because i invited him so she refused to come. she missed my masters graduation, my big party for celebrating starting my business and strangest of all she is upset that she wasn't able to go to my engagement party because my fiance was there??? 

my partner told me to keep the peace by inviting her instead to alternating events so that she doesn't feel left out but honestly i think this is fucking ridiculous. this woman called crying because i wouldnt uninvited my actual fiance to our engagement party. obviously my mother is upset and now i'm wondering if i'm ta for not taking my partners advice?"
"aita-7bbb9b6f","NTA","0.75","8","work","5","5","5","1","Very crisp action (changing Wi‑Fi password until husband uses VPN) with clear stakes and competing interests in job security vs marital harmony.","86","AITA for changing the wifi password to teach my husband a lesson?","i work from home now (position went remote during the end of the world, now permanently remote yada yada) so safe to say my wifi is basically my lifeblood. i connect via ethernet cable and sign into my company’s vpn. my husband also has his own computer and does his thing but does not work from home. suffice to say getting my wifi cut off would be disastrous and wildly inconvenient. 

a week ago i got a letter from our wifi company (our acc is in my name only). it was a warning that someone had been seeding a torrent off my ip address for *insert porn title here*. i’m not mad he was downloading porn, i’m mad he did it on our wifi without at least a vpn. the letter basically stated if it continued they would cancel our service. i didn’t make a fuss, i just went in and changed our wifi password. when my husband got home i handed him the letter and calmly told him that i changed the wifi password and i’d give it to him when he learned how to use a vpn and or to keep his torrents from seeding back. well now i’m an ah. he doesn’t want to pay for a vpn service. he can’t play his games or anything but i’m not willing to risk lowering my job performance by losing my wifi, so until i see he’s got a vpn no wifi password. my best friend thinks the situation is quite amusing but my husband is obviously pissed. so aita?"
"aita-7bd59d73","NTA","1.0","10","roommates","5","5","5","1","Very crisp roommate-boundary case about openly mentioning vaginal health vs social discomfort, with high persona-independence.","87","AITA for talking about my vagina to my male roommate","i (25f) am not on great terms with my vagina. i've struggled with recurring infections for about a year now. something that really helped me get things under control however is a lactic acid supplement that i take every other day. it comes in a powder form and you dissolve it in water, wait for a minute and then drink it on an empty stomach. 

about a week ago i had just mixed the supplement with water and had the glass sitting on the counter while i was preparing my breakfast. my roommate (21m) came into the kitchen and asked about the mysterious liquid in the jar. i replied that it's a supplement for gut and vaginal health that i take regularly. he seemed a bit confused but said ""ok"" and continued doing whatever he was doing in the kitchen.   
yesterday i was again preparing breakfast with the supplement sitting on the counter when the same roommate entered the kitchen again. he noticed the glass and said i should start taking the supplement in my room instead of the kitchen since that makes him think about my vagina. apparently he thought it was invasive that i told him what specifically i was taking the supplement for. i told him that i'd continue preparing it in the kitchen and that i was also storing my tampons relatively openly in the bathroom so he should be aware of the fact that i have a vagina anyways. 

now i'm not stupid - i get that it's kind of direct to say my supplement is for vaginal health. i do also think however that we shouldn't continue stigmatizing talking about that sort of stuff. vaginas are an organ like any other and i don't think anyone would care if i had said the supplement was just for gut health only. it's not like i started talking about my history of vaginal infections in great detail when he asked about the supplement so i don't think it was invasive or that i shouldn't consume it openly anymore. he did seem pretty uncomfortable however - so aita?"
"aita-7d4624e3","NTA","1.0","9","parenting","5","5","5","1","Excellent moral clarity around withdrawing from friendships at spouse’s demand and then demanding equivalent childcare downtime; rich diagnostic tension.","88","AITA for demanding my wife watch our kids one night a week and one full day a month, if she wants to continue going out with her friends?","my wife and i have 3 kids and try to split childcare evenly. we both used to get one night a week to see friends while the other was home with the children, and then about one full weekend day a month. i had two best friends ""greg and diana"" and we always hung out in a group of three.

my wife never liked diana and always felt that she was catty to her. i didn't see it, but we had multiple conversations about how men just don't see that stuff and diana was being catty. we fought over this for a long time, but from what she told me and what other people were telling me, men really can be blind to that and women are very good about being subtle. she felt diana looked down on her for being ""frumpy and middle class"" she told me i was prioritizing another woman over our marriage and that if she was really uncomfortable i needed to distance myself, so i did.

the issue is greg won't talk to me anymore. he said he only has so much free time and he isn't going to dinner with me one night, and dinner with diana the next, so he is just going to end our friendship. he said i proved i'm a shit friend, and that he can't respect a man whose wife has his balls in his purse. it really hurt.

i do have some other friends, but nowhere near as close and i don't see them often. they are mainly work friends, who i might text outside of work but we don't meet up. i am struggling right now with feeling like i have nothing for myself. my wife actually called greg up and tried to fix this, which made it so much worse. 

anyway i recently realized i wasn't getting my time off from the kids anymore, since i wasn't going out. i told my wife that one night a week, she needs to do all the childcare while i just chill, since i still do weekly childcare when she goes out with her friends. it isn't fair and yeah i don't have friends right now, but i still deserve a break. she says it is different because i'm just being lazy vs she is actually going somewhere. 

i told her if she doesn't go back to our previous schedule, even if i lost my friends, then i would stop taking care of the kids on her days to go out. she said i was being petty and controlling. she has big plans this upcoming saturday and now feels forced into doing what i want, so she can still attend."
"aita-7ea677f0","YTA","0.8571","7","romantic","5","5","5","1","Clear request (paternity test ultimatum) with prior cheating context; strong, nuanced tradeoff between trust, trauma, and prudence.","89","AITA for wanting a paternity test?","throwaway.

my girlfriend is pregnant with our first daughter, and she’s due in a couple of weeks. she cheated on me several years ago, but we worked through it. it was a time when i was working a great deal and she was really depressed.

just having a casual conversation with her, i mentioned that i would like a paternity test for our daughter when she was born, just to be sure. she started crying and asking why i didn’t trust her. she accused me of tormenting her in a vulnerable state. her reaction made me suspicious so i took it further and told her that if she wasn’t ok with it we would be breaking up and i’ll get one through court. she packed up and is staying with my parents. my parents are even upset with me. they think i’m stressing out my pregnant girlfriend, and it could have waited until after she gave birth to be brought up. 
was i an asshole for the request? it’s not that i don’t trust her, but a child (that i didn’t quite want yet tbh) is such a big thing to go off of blind trust."
"aita-827fbb58","NTA","1.0","10","friendship","5","5","5","1","Clear single incident about bodily autonomy vs social consequences, with strong tradeoff and no missing info.","90","AITA for dodging a hug &amp; making an acquaintance look like a creep?","i'm pretty sure i know the answer to this but i would like some outside opinions.

lockdown has lifted where i (24f) live so a couple of friends + a few friend friends and i decided to go have a little meet up, share some drinks, and shoot some pool at a local pub. everything was going great and we all were having a really fun time. towards the end of the night one of the friend friends, johnathan, was getting ready to head out and came over to me to say goodbye while i was grabbing another drink at the bar. now, i knew next to nothing about johnathan expect that he looked really familiar so i assumed i maybe went to high school with him or perhaps he worked at the grocery store i used to work at while attending high school. i never bothered confirming it as i didn't really care + it didn't really matter.

i looked up as i heard him say goodbye and noticed he was moving in for a hug. now, i hate hugging, like really hate it. i can't stand the feeling of someone's arms around me, especially someone i'm not familiar with so i panicked and dodged him, fast as a bird, (dropping my drink). next thing i know one of the male bartenders was pulling johnathan away and yelling at him to get away from me. i think he thought johnathan was a drunk and trying to make a move on me. i quickly jumped in and said everything is fine, he just startled me. from somewhere in the pub i heard someone yell ""keep your hands off woman!"" and noticed a table of people were giving johnathan the evil eye.

after that johnathan quickly left but later that night i got a very angry message from him saying how he can never go back to his favorite pub now because i made him look like a creep and how i shouldn't have overreacted like i did. i had already apologized for the whole fiasco and explained how he shouldn't just hug people he doesn't really know/ don't really know him. that just pi$$ed him off more and now he's blocked me.

so reddit, aita?"
"aita-83f2edf6","NTA","1.0","9","other","5","5","5","1","Extremely focused event (comment to wheelchair user in mosh pit) with strong persona‑independent clash between access, risk, and responsibility.","91","AITA for telling a disabled person a mosh pit isn't for them?","this story is not gunna make me look like an angel and i'm going to tell it unbiasedly.


i'm at a rock concert in the moshpit just enjoying myself.
i bump into someone in a wheelchair i do the hand raise of apology and just get back to vibing.
the artist finishes and there about a 20 minute gap between artists.

the person comes up to me and starts berating me for 'blatantly trampling them' i apologise (i don't mean it because mosh pits throw you around you don't get to choose where) they keep on at it so i say we'll maybe the moshpit isn't for you then.
they start calling me a bigot i just say
'cool whatever i'm going to get a drink next act is on in 20 if you wanna take on the pit again'


so basically i don't think a moshpit is the best place to be if you're in a wheelchair expecting no one to touch you
so aita?"
"aita-850d2ecf","NTA","1.0","8","family","5","5","5","1","Single well‑bounded dispute over who pays a last‑minute accommodation cost, with good diagnostic value and clear facts.","92","AITA for expecting my brother to pay for a Gluten Free meal for his girlfriend from the catering company for our parents anniversary?","37 year old woman here, tomorrow is my parents 50th wedding anniversary and i wanted to do something special for them. my gift is organising a huge party for them at their favourite hotels ballroom with the family/friends and paying for a catering company to have meals for everyone. i've not asked anyone else to contribute to this as out of my siblings (46m, 40f, 32m) i make the best money so it's fine with me to be the one this is on. the only thing i asked was three months ago to fill out a questionnaire about food preferences and also indicate dietary requirements for them and their plus one. i got that all back and went ahead to plan the menu with the catering company. 

today i got a call from my little brother (32m), he'd forgotten that his girlfriend needed a gluten free meal, now i admit this made me panic a little as the party is *tomorrow* and he only tells me this now?! i told him i'd see what i could do but made no promises also asked him how the fuck he could simply ""forget"" his girlfriend needed gluten free food. anyway i called up the caterers and they clearly weren't happy but told me i could add on a gluten free meal but because of the short notice i'd have to pay a fee ontop of the plate price i thanked them and called my brother telling him it was fine and i could get her a meal she could eat and then told him the money he was to venmo me. he was shocked at this and asked me why he had to pay when no one else was paying for a plate, i told him if he'd told me in a timely manner then he wouldn't have to pay either, he is protesting this saying that no one else is paying and it's just excluding his girlfriend because she's gluten free (totally missing the point where it's down to him not telling me fast enough).

he is now saying if i can afford this whole party i can afford one more plate, honestly i'm debating just paying for it...it'll put me over budget but he's digging his heels in and i don't want there to be any arguments tomorrow plus i'd not want to leave her without a meal that she can eat. aita for asking him to pay in the first place? imo its his fuck up that led to this so he should be the one to pay."
"aita-86a02b2b","NTA","1.0","10","romantic","5","5","5","1","Very clear repeated boundary violation vs emotional reaction, strong diagnostic value about consent and proportionality.","93","AITA for getting mad at my boyfriend for tickling me?","me and my boyfriend have been together for 3 and a half years, for the entire time we've been together i've told him i don't like being tickled. it gives me really bad anxiety and i don't think its fun or funny at all. he doesn't do it often but i still think its disrespectful and not at all considerate of my boundaries. 

so fast forward to 10 minutes ago, he tickles me again and i tell him again seriously stop i don't like it it gives me anxiety. he does it again! so i'm like dude stop for real this isn't cool with me. he tries to do it again, but this time i grab his hand and i can admit i did kind of blow up. i started crying and yelling saying that i feel disrespected, and he told me i was overreacting. so i got more upset and told him just because he doesn't understand doesn't mean he shouldn't respect my boundaries. i know i shouldn't have yelled, but did i really over react that much or am i justified in the way i feel?"
"aita-8fb4a42d","YTA","0.8889","9","family","5","5","5","1","Very clear property/keepsake dispute over deceased mother’s ring, strong competing claims and boundary issues.","94","AITA for refusing to give my sister our mum's wedding ring even though I don't want to get married?","a long time ago i was engaged to someone and my mum was amazing enough to let me have her wedding ring to give to my ex. it didn't end up working out (we never got married) and my mum told me to just keep it until i needed it again. she passed on five years ago and the ring is still with me. i was thinking of marrying my current gf with it but we decided to cut the drama and just oprah it as life partners. so now the ring is more of a memorabilia of her for now. still considering using it as an anniversary gift in future (by considering i meant i don't know when to give it to here) . now yesterday i randomly get a visit from my sister's fiancé just 'checking up' on me. he asked about my gf and i and if we ever intend to get married and when i said no he, not so smoothly, moved right into what he wanted to talk about. my mum's wedding ring. he said my sister wishes for it to be her wedding ring and asked for it. i said unfortunately not, he said he understood, and left afterwards. my sister called last night and in summary called me a dick for keeping the ring when i don't plan on getting married and saying it's only right for it to go to her since she is getting marred and soon. i just hung up and left things there. she told our aunt about this and now she's also calling me non stop and apparently my only options are to either give her the ring and make peace with her or i should pay for a replica to be made for her. i'm not doing either. aita?"
"aita-94ef1235","YTA","0.8889","9","parenting","5","5","5","1","Textbook privacy vs protection conflict: reading daughter’s diary after being asked only to tidy; concrete, highly diagnostic.","95","AITA for reading my teenage daughters diary?","i (m35) have a 16 year old daughter. i’ve been a single father since she was about 3 years old as i got sole legal custody due to some addiction issues her mother has. we have a really good relationship, but i always worry about her not having a woman to talk to. 

over the past few months she hasn’t really seemed to be herself, i know she went through a bad break up but i’ve been worried it’s more than that. i’ve tried talking to her, and my sister only lives down the street so she’s tried talking to her also, but my daughter is really keeping to herself and it concerns me. 

she went out to see her friends for the first time since quarantine started yesterday and asked me if i could give her room a quick tidy whilst she was gone. i agreed because she does a lot of chores but she’s not good at cleaning her room. whilst i was putting clothes back in her closet, i stumbled upon what i now know to be her diary. 

i shouldn’t have read past the first page but i just wanted to know if there was anything going on she wasn’t telling me about. there were some pretty heartbreaking stuff for a father to read about how down she felt about herself, so when she got home i brought it up to her. 

she asked me why this was suddenly coming up and when i told her i’d read her diary she absolutely flipped and told me it was an absolute violation of privacy and she’s completely humiliated. i told her i was just trying to protect her and she said it was none of my business and locked herself in her bedroom and hasn’t spoken to me since. aita?"
"aita-a2de77cb","YTA","0.8333","6","family","5","5","5","1","Strong, focused ethical dilemma about revealing potential paternity/affair after a death; high stakes and clearly described options.","96","AITA for refusing to tell my brother that his daughter might actually be my child?","my brother’s will’s wife april recently passed away from cancer.  he has a seven year old daughter, lacey. the thing is, there is a strong possibility that lacey is actually my daughter. 

april had an affair with me shortly after they had gotten married. i’m not debating the assholeness of us having an affair. i know that i’m a huge asshole in that regard. after we slept together, she got pregnant. 

we had a mutual agreement that we were never going to tell will what happened as it would devastate him. 

as lacey grew up, she began to look more and more like me. i don’t think will ever clued in. april and i talked about it a few times and she said that just based on the timeline of when we slept together, there is a decent chance that lacey is mine. 

when april got cancer, will was obviously devastated. near the end of her illness, april told me that eventually she would like will and lacey to know what happened between us. she made me promise to tell them. i promised her that i would just to give her some peace.

she passed away last month. i still have not told will and i don’t think i ever will. he has been hyper depressed since april died and telling him this would just devastate him, let alone ruin our relationship.

for all practical reasons, lacey is his daughter. he is the one that has raised her and neither of them know any different. especially since april died, i think it would just be cruel to tell him that his daughter might not even be his daughter. 

on the other hand, i did promise april that i would tell him, and if she is actually my daughter, i don’t know if it would be better for that to be out in the open or not. 

again, i’m not debating the assholeness of the affair. that’s not the question here. 

aita for not telling my brother?"
"aita-a58e27da","YTA","0.8333","6","family","5","5","5","1","Distinct, concrete setup of deceiving a vulnerable friend into a fetish-based date; very diagnostic on consent, respect, and matchmaking ethics.","97","AITA for refusing to redraft my will so that my second set of kids get a portion of the land (~200 acres) I am leaving to my oldest three kids?","i have two sets of kids from two marriages. i have three kids from my first marriage (all teens) and currently two from my second (1 and 3).

when i originally set up my will after my first three kids were born, i split some property i own three separate ways so that each child gets roughly 70 acres of land. i have since revised my will to clarify that it is my intent that my children from my second marriage be excluded from receiving a share of this property so that my first three kids are the only ways to get a part of it.

i have provided for them in other ways, but i did not think it was fair to my first three kids to split the property further when they had already been told by me that they would each receive a 1/3 share and because that was what my late wife and i had decided was right. 

i never told my wife that i didn't plan to revise my division of the land until recently. 

i explained to her my logic, and she thinks i am being unfair to our children since all would still have 40 acres if we divided it by five. she seems to really be hung up on this even though our kids are still provided for in my will. 

aita for refusing to split the land with my youngest children?"
"aita-a7b3ba0a","YTA","0.7143","7","family","5","5","5","1","Clear past action (refusing housing and suggesting giving up custody) with strong, nuanced tradeoff between kids’ stability and bio-mom’s rights.","98","AITA for suggesting that my (step) kids’ mother should give up custody?","i (34m) met my husband (36m) six years ago, due to friends in common we started dating and we married four years ago, my hubby has kids (12m,10m) from previous straight marriage with lizzy (35f) when the second baby turned 1, they divorced and split custody, i met my husband a couple of years later.

my husband and i have 2 kids (4f, 2m) as a married couple, i love my husband’s kids so much to the point that i don’t like to call them my step kids but my kids.

lizzy struggled financially in the past so she gave up custody partially, from 50/50 to 80/20 in our favour.

two years ago, lizzy couldn’t afford her rent anymore and had no place to go so we let her move in until she settled down, her time here was stressful to me and i hated it, she made clear that she hates me and, complains about how my husband comes from a family with money and it wasn’t fair for his kids’ mother to struggle. she was here for 5 months (a dark era for me) my husband and i weren’t comfortable but did it for the kids. 

she is struggling again (financially) and wants us to let her stay here but i don’t feel like it, thus she says that not letting her it wouldn’t be fair for the kids because they won’t see her since she doesn’t have a safe place to stay and her parents live so far away, it means she won’t see the kids in a while.

so, i told her: “if you can’t afford a safe place and the kids a better with us, you should give up custody and let the kids be with us full time” 

she got mad at me and at my husband (“for doing nothing” on this) and said that it was out of the question.

my husband and i let her know that there is no way she can move in with us. 

her friends are accusing me of “keeping her away from her children” and said that the suggestion “you should give up custody” is absolutely out of the question. she made a post on how we use money as “a weapon” to cast her aside, she told the kids and now they are mad at me too. 

did that suggestion go too far? i think it’d be the most reasonable thing to do at least for now"
"aita-0184ea7d","YTA","1.0","10","family","5","5","5","2","Clear broken agreement around presence at childbirth with an emotional, ongoing fallout but somewhat one-sided narration of his “explosion.”","99","AITA for telling my wife off for having her mom in the room when she was giving birth","my wife and i agreed from the beginning that we would be the only people in the room when she was going through labor/birth. her mother and i also don’t get along very well, and neither of us wanted that stress the day of.

there was an issue and i was late getting to the hospital, not by a ton though. there was still 3+ hours of labor until the baby came. however, by the time i got there, my wife had called her mother and told her to come. it caused a lot of tension and made the process pretty uncomfortable for me, and thus made it harder to support my wife. we didn’t get that special one on one time with the baby either (we initially planned on having a full day of just us, but it ended up only being a few hours) and i’m really upset about it.
 
it’s been a few weeks and my wife asked me why i am so moody about the topic of the birth, and i exploded at her for violating the plan that we had from the beginning. she cried and blamed me for being late and then told me she wouldn’t discuss it further because i had yelled. aita here??"
"aita-02ed1243","YTA","1.0","9","money","5","5","5","2","Single concrete decision to reject buyers over planned renovations, with a strong clash between sentimentality and financial prudence.","100","AITA for not letting a family buy our home","my husband and i are selling our house, and we were touring a woman and her husband who are getting ready to start a family. they offered a full cash offer, and it was right at what we were selling the house for, however, they were talking about making so many renovations. for example, the wife looked in the kitchen and said “i wish there was an island in here, but we can figure that out”, there are 2 smaller bedrooms in the home right next to each other and she talked about knocking the wall down to make one big room. 

the whole time i just felt upset because this was the home my parents built and my kids grew up in and i made sure to never make significant changes because   i did not want to destroy their hard work. when they were leaving i said we’ll keep in touch ,  i called the couple later that night and told them we’ll be moving on to a different buyer. i  told my husband that i’m not interested in them purchasing our home. he thought i was joking until i explained my reasoning. he said i was too attached to this house, and that if i was going to have so many specifications on the buyer then he’s going to choose himself. 

he called the couple back today and they said they found a new house but to thank the both of us. he was livid. he started going off about how it’s taken so long for us to find someone to actually pay the full price, especially with a full cash offer, but now we’re either going to have to settle or wait forever to get a buyer like that. 

i told him no amount of money is going to make me okay with the destruction of my childhood home. now he’s angry, and won’t talk to me, unless he absolutely has to 

aita?"
